claim_id,policy_no,claim_type,sum_insured_inr,claim_amount_inr,days_policy_to_claim,previous_claims_3y,provider_type,address_changes_last_year,fir_or_documents_complete,days_claim_reported_after_incident,city,derived_ratio,risk_score,risk_band,flagged,triggered_rule_ids,flag_explanation,recommended_action,rule_version
CLM00001,POL975320,Health - Day Care,1000000,248979,918,0,Network hospital/garage,0,Yes,14,Patna,0.249,0,Low,No,,No red-flag rules triggered.,Standard processing,v1.0
CLM00002,POL824391,Motor - Own Damage,500000,181114,806,2,Network hospital/garage,2,Yes,14,Delhi,0.3622,25,Low,No,R6|R8,"Low-risk: recent address changes; late reporting (motor/theft). A screening signal for verification, not proof of fraud.",Standard processing,v1.0
CLM00003,POL361273,Health - Hospitalisation,1500000,562643,551,2,Network hospital/garage,0,Yes,22,Nashik,0.3751,0,Low,No,,No red-flag rules triggered.,Standard processing,v1.0
CLM00004,POL295530,Home - Theft,1500000,580266,85,1,Network hospital/garage,2,Yes,14,Patna,0.3868,45,Medium,Yes,R1|R6|R8,"Medium-risk: early-life claim; recent address changes; late reporting (motor/theft). A screening signal for verification, not proof of fraud.",Routine verification of flagged items by a claims analyst,v1.0
CLM00005,POL744646,Motor - Own Damage,500000,30687,713,1,Non-network,0,No,5,Patna,0.0614,20,Low,No,R7,"Low-risk: incomplete documents. A screening signal for verification, not proof of fraud.",Standard processing,v1.0
CLM00006,POL231454,Home - Theft,1500000,250073,419,1,Non-network,1,Yes,13,Patna,0.1667,15,Low,No,R8,"Low-risk: late reporting (motor/theft). A screening signal for verification, not proof of fraud.",Standard processing,v1.0
CLM00007,POL697723,Motor - Own Damage,300000,29422,308,1,Non-network,0,Yes,21,Lucknow,0.0981,15,Low,No,R8,"Low-risk: late reporting (motor/theft). A screening signal for verification, not proof of fraud.",Standard processing,v1.0
CLM00008,POL795282,Health - Day Care,1000000,206472,264,0,Network hospital/garage,0,Yes,28,Surat,0.2065,0,Low,No,,No red-flag rules triggered.,Standard processing,v1.0
CLM00009,POL134809,Health - Hospitalisation,300000,84300,17,2,Non-network,0,Yes,20,Coimbatore,0.281,30,Medium,Yes,R2,"Medium-risk: very early claim. A screening signal for verification, not proof of fraud.",Routine verification of flagged items by a claims analyst,v1.0
CLM00010,POL310581,Health - Hospitalisation,1500000,446640,518,2,Network hospital/garage,2,Yes,23,Ahmedabad,0.2978,10,Low,No,R6,"Low-risk: recent address changes. A screening signal for verification, not proof of fraud.",Standard processing,v1.0
CLM00011,POL165175,Motor - Own Damage,500000,68585,64,0,Non-network,1,Yes,18,Delhi,0.1372,35,Medium,Yes,R1|R8,"Medium-risk: early-life claim; late reporting (motor/theft). A screening signal for verification, not proof of fraud.",Routine verification of flagged items by a claims analyst,v1.0
CLM00012,POL789367,Motor - Theft,1500000,215897,581,2,Network hospital/garage,0,Yes,23,Kochi,0.1439,15,Low,No,R8,"Low-risk: late reporting (motor/theft). A screening signal for verification, not proof of fraud.",Standard processing,v1.0
CLM00013,POL447032,Motor - Own Damage,300000,85653,966,1,Non-network,1,Yes,29,Chennai,0.2855,15,Low,No,R8,"Low-risk: late reporting (motor/theft). A screening signal for verification, not proof of fraud.",Standard processing,v1.0
CLM00014,POL831529,Motor - Own Damage,1000000,138122,254,0,Network hospital/garage,1,Yes,9,Indore,0.1381,15,Low,No,R8,"Low-risk: late reporting (motor/theft). A screening signal for verification, not proof of fraud.",Standard processing,v1.0
CLM00015,POL435753,Health - Hospitalisation,1000000,487324,237,3,Network hospital/garage,0,Yes,6,Patna,0.4873,15,Low,No,R4,"Low-risk: repeat claimant. A screening signal for verification, not proof of fraud.",Standard processing,v1.0
CLM00016,POL934286,Home - Theft,1500000,153620,89,1,Network hospital/garage,2,Yes,0,Ahmedabad,0.1024,30,Medium,Yes,R1|R6,"Medium-risk: early-life claim; recent address changes. A screening signal for verification, not proof of fraud.",Routine verification of flagged items by a claims analyst,v1.0
CLM00017,POL210226,Motor - Theft,300000,124574,439,1,Network hospital/garage,0,Yes,11,Kochi,0.4152,15,Low,No,R8,"Low-risk: late reporting (motor/theft). A screening signal for verification, not proof of fraud.",Standard processing,v1.0
CLM00018,POL642556,Motor - Own Damage,500000,90721,950,3,Network hospital/garage,2,Yes,14,Kochi,0.1814,40,Medium,Yes,R4|R6|R8,"Medium-risk: repeat claimant; recent address changes; late reporting (motor/theft). A screening signal for verification, not proof of fraud.",Routine verification of flagged items by a claims analyst,v1.0
CLM00019,POL368437,Motor - Theft,500000,462141,11,3,Non-network,3,Yes,64,Lucknow,0.9243,85,High,Yes,R2|R3|R4|R6|R8,"High-risk: very early claim; high claim-to-sum-insured ratio; repeat claimant; recent address changes; late reporting (motor/theft). A screening signal for verification, not proof of fraud.",Priority manual review by an investigator; verify flagged items before any decision,v1.0
CLM00020,POL544631,Health - Hospitalisation,500000,114329,973,1,Network hospital/garage,2,Yes,2,Nashik,0.2287,10,Low,No,R6,"Low-risk: recent address changes. A screening signal for verification, not proof of fraud.",Standard processing,v1.0
CLM00021,POL485159,Motor - Own Damage,1500000,259606,285,0,Non-network,0,Yes,12,Jaipur,0.1731,15,Low,No,R8,"Low-risk: late reporting (motor/theft). A screening signal for verification, not proof of fraud.",Standard processing,v1.0
CLM00022,POL914170,Health - Hospitalisation,1000000,184437,590,2,Network hospital/garage,2,Yes,12,Indore,0.1844,10,Low,No,R6,"Low-risk: recent address changes. A screening signal for verification, not proof of fraud.",Standard processing,v1.0
CLM00023,POL939275,Health - Day Care,1000000,106052,897,3,Network hospital/garage,1,Yes,15,Pune,0.1061,15,Low,No,R4,"Low-risk: repeat claimant. A screening signal for verification, not proof of fraud.",Standard processing,v1.0
CLM00024,POL415125,Motor - Own Damage,500000,355295,37,3,Non-network,3,Yes,53,Pune,0.7106,60,High,Yes,R1|R4|R6|R8,"High-risk: early-life claim; repeat claimant; recent address changes; late reporting (motor/theft). A screening signal for verification, not proof of fraud.",Priority manual review by an investigator; verify flagged items before any decision,v1.0
CLM00025,POL398734,Motor - Own Damage,1000000,232432,801,2,Network hospital/garage,0,Yes,6,Chennai,0.2324,0,Low,No,,No red-flag rules triggered.,Standard processing,v1.0
CLM00026,POL287328,Health - Hospitalisation,1000000,164016,56,1,Network hospital/garage,0,Yes,0,Ahmedabad,0.164,20,Low,No,R1,"Low-risk: early-life claim. A screening signal for verification, not proof of fraud.",Standard processing,v1.0
CLM00027,POL234947,Home - Theft,300000,4302,810,2,Network hospital/garage,0,Yes,3,Guwahati,0.0143,0,Low,No,,No red-flag rules triggered.,Standard processing,v1.0
CLM00028,POL808985,Motor - Own Damage,300000,40141,69,3,Network hospital/garage,1,Yes,10,Bengaluru,0.1338,50,Medium,Yes,R1|R4|R8,"Medium-risk: early-life claim; repeat claimant; late reporting (motor/theft). A screening signal for verification, not proof of fraud.",Routine verification of flagged items by a claims analyst,v1.0
CLM00029,POL766216,Health - Hospitalisation,500000,146743,748,0,Non-network,1,No,24,Kochi,0.2935,20,Low,No,R7,"Low-risk: incomplete documents. A screening signal for verification, not proof of fraud.",Standard processing,v1.0
CLM00030,POL190765,Motor - Own Damage,300000,63252,12,1,Non-network,1,Yes,20,Chennai,0.2108,45,Medium,Yes,R2|R8,"Medium-risk: very early claim; late reporting (motor/theft). A screening signal for verification, not proof of fraud.",Routine verification of flagged items by a claims analyst,v1.0
CLM00031,POL880049,Health - Hospitalisation,1000000,304556,488,1,Network hospital/garage,2,Yes,9,Bhubaneswar,0.3046,10,Low,No,R6,"Low-risk: recent address changes. A screening signal for verification, not proof of fraud.",Standard processing,v1.0
CLM00032,POL697090,Home - Theft,1500000,380969,631,1,Network hospital/garage,2,Yes,1,Jaipur,0.254,10,Low,No,R6,"Low-risk: recent address changes. A screening signal for verification, not proof of fraud.",Standard processing,v1.0
CLM00033,POL792063,Health - Hospitalisation,1000000,404845,53,2,Non-network,2,Yes,5,Jaipur,0.4048,30,Medium,Yes,R1|R6,"Medium-risk: early-life claim; recent address changes. A screening signal for verification, not proof of fraud.",Routine verification of flagged items by a claims analyst,v1.0
CLM00034,POL305869,Health - Hospitalisation,500000,84979,953,1,Non-network,1,Yes,8,Surat,0.17,0,Low,No,,No red-flag rules triggered.,Standard processing,v1.0
CLM00035,POL404125,Motor - Own Damage,500000,158517,826,2,Network hospital/garage,2,Yes,23,Delhi,0.317,25,Low,No,R6|R8,"Low-risk: recent address changes; late reporting (motor/theft). A screening signal for verification, not proof of fraud.",Standard processing,v1.0
CLM00036,POL985818,Motor - Own Damage,1500000,1297069,15,3,Non-network,3,Yes,55,Delhi,0.8647,85,High,Yes,R2|R3|R4|R6|R8,"High-risk: very early claim; high claim-to-sum-insured ratio; repeat claimant; recent address changes; late reporting (motor/theft). A screening signal for verification, not proof of fraud.",Priority manual review by an investigator; verify flagged items before any decision,v1.0
CLM00037,POL714474,Motor - Own Damage,500000,16905,649,0,Network hospital/garage,1,Yes,20,Ahmedabad,0.0338,15,Low,No,R8,"Low-risk: late reporting (motor/theft). A screening signal for verification, not proof of fraud.",Standard processing,v1.0
CLM00038,POL323015,Health - Hospitalisation,300000,75126,619,1,Network hospital/garage,1,Yes,18,Bhubaneswar,0.2504,0,Low,No,,No red-flag rules triggered.,Standard processing,v1.0
CLM00039,POL518050,Health - Hospitalisation,1500000,58233,963,0,Non-network,1,Yes,23,Guwahati,0.0388,0,Low,No,,No red-flag rules triggered.,Standard processing,v1.0
CLM00040,POL346638,Health - Day Care,500000,164202,145,3,Network hospital/garage,1,Yes,22,Delhi,0.3284,15,Low,No,R4,"Low-risk: repeat claimant. A screening signal for verification, not proof of fraud.",Standard processing,v1.0
CLM00041,POL915149,Motor - Own Damage,300000,72800,607,2,Network hospital/garage,1,Yes,6,Kolkata,0.2427,0,Low,No,,No red-flag rules triggered.,Standard processing,v1.0
CLM00042,POL821908,Health - Day Care,500000,125907,672,0,Network hospital/garage,0,Yes,15,Kochi,0.2518,0,Low,No,,No red-flag rules triggered.,Standard processing,v1.0
CLM00043,POL116688,Motor - Own Damage,500000,31806,408,3,Non-network,0,Yes,25,Bhubaneswar,0.0636,30,Medium,Yes,R4|R8,"Medium-risk: repeat claimant; late reporting (motor/theft). A screening signal for verification, not proof of fraud.",Routine verification of flagged items by a claims analyst,v1.0
CLM00044,POL304791,Motor - Own Damage,300000,95245,742,2,Network hospital/garage,2,Yes,8,Indore,0.3175,25,Low,No,R6|R8,"Low-risk: recent address changes; late reporting (motor/theft). A screening signal for verification, not proof of fraud.",Standard processing,v1.0
CLM00045,POL716488,Health - Day Care,1000000,100238,809,0,Non-network,2,Yes,20,Kolkata,0.1002,10,Low,No,R6,"Low-risk: recent address changes. A screening signal for verification, not proof of fraud.",Standard processing,v1.0
CLM00046,POL177676,Health - Hospitalisation,1000000,191084,842,2,Network hospital/garage,0,Yes,18,Bengaluru,0.1911,0,Low,No,,No red-flag rules triggered.,Standard processing,v1.0
CLM00047,POL579177,Motor - Own Damage,300000,31316,270,3,Non-network,1,Yes,14,Ahmedabad,0.1044,30,Medium,Yes,R4|R8,"Medium-risk: repeat claimant; late reporting (motor/theft). A screening signal for verification, not proof of fraud.",Routine verification of flagged items by a claims analyst,v1.0
CLM00048,POL753076,Health - Hospitalisation,500000,131097,517,3,Non-network,0,Yes,12,Chennai,0.2622,15,Low,No,R4,"Low-risk: repeat claimant. A screening signal for verification, not proof of fraud.",Standard processing,v1.0
CLM00049,POL543806,Health - Hospitalisation,300000,36014,124,0,Network hospital/garage,2,Yes,25,Bengaluru,0.12,10,Low,No,R6,"Low-risk: recent address changes. A screening signal for verification, not proof of fraud.",Standard processing,v1.0
CLM00050,POL473063,Motor - Theft,500000,73390,100,2,Network hospital/garage,2,No,6,Ahmedabad,0.1468,30,Medium,Yes,R6|R7,"Medium-risk: recent address changes; incomplete documents. A screening signal for verification, not proof of fraud.",Routine verification of flagged items by a claims analyst,v1.0
CLM00051,POL980066,Health - Hospitalisation,300000,47134,363,2,Network hospital/garage,2,Yes,12,Indore,0.1571,10,Low,No,R6,"Low-risk: recent address changes. A screening signal for verification, not proof of fraud.",Standard processing,v1.0
CLM00052,POL761594,Motor - Own Damage,300000,17857,653,2,Non-network,1,Yes,17,Coimbatore,0.0595,15,Low,No,R8,"Low-risk: late reporting (motor/theft). A screening signal for verification, not proof of fraud.",Standard processing,v1.0
CLM00053,POL794564,Health - Hospitalisation,500000,68119,633,1,Network hospital/garage,2,Yes,15,Bengaluru,0.1362,10,Low,No,R6,"Low-risk: recent address changes. A screening signal for verification, not proof of fraud.",Standard processing,v1.0
CLM00054,POL232476,Motor - Own Damage,500000,4667,332,3,Network hospital/garage,2,Yes,0,Chennai,0.0093,25,Low,No,R4|R6,"Low-risk: repeat claimant; recent address changes. A screening signal for verification, not proof of fraud.",Standard processing,v1.0
CLM00055,POL245096,Motor - Own Damage,500000,395708,16,5,Non-network,3,Yes,45,Delhi,0.7914,80,High,Yes,R2|R5|R6|R8,"High-risk: very early claim; very frequent claimant; recent address changes; late reporting (motor/theft). A screening signal for verification, not proof of fraud.",Priority manual review by an investigator; verify flagged items before any decision,v1.0
CLM00056,POL551126,Motor - Own Damage,1500000,343275,585,3,Network hospital/garage,0,No,20,Pune,0.2288,50,Medium,Yes,R4|R7|R8,"Medium-risk: repeat claimant; incomplete documents; late reporting (motor/theft). A screening signal for verification, not proof of fraud.",Routine verification of flagged items by a claims analyst,v1.0
CLM00057,POL746061,Motor - Theft,500000,239798,955,1,Network hospital/garage,1,Yes,11,Nashik,0.4796,15,Low,No,R8,"Low-risk: late reporting (motor/theft). A screening signal for verification, not proof of fraud.",Standard processing,v1.0
CLM00058,POL180460,Motor - Own Damage,1000000,243169,152,2,Non-network,0,No,29,Surat,0.2432,35,Medium,Yes,R7|R8,"Medium-risk: incomplete documents; late reporting (motor/theft). A screening signal for verification, not proof of fraud.",Routine verification of flagged items by a claims analyst,v1.0
CLM00059,POL204511,Health - Day Care,1500000,194169,459,2,Network hospital/garage,0,Yes,29,Nagpur,0.1294,0,Low,No,,No red-flag rules triggered.,Standard processing,v1.0
CLM00060,POL316169,Health - Day Care,1000000,217264,37,1,Network hospital/garage,0,Yes,5,Chennai,0.2173,20,Low,No,R1,"Low-risk: early-life claim. A screening signal for verification, not proof of fraud.",Standard processing,v1.0
CLM00061,POL882612,Motor - Own Damage,1000000,261645,55,2,Network hospital/garage,1,No,18,Delhi,0.2616,65,High,Yes,R1|R7|R8|R10,"High-risk: early-life claim; incomplete documents; late reporting (motor/theft); early claim with missing documents. A screening signal for verification, not proof of fraud.",Priority manual review by an investigator; verify flagged items before any decision,v1.0
CLM00062,POL778172,Home - Theft,1000000,187228,697,3,Network hospital/garage,1,Yes,16,Nagpur,0.1872,30,Medium,Yes,R4|R8,"Medium-risk: repeat claimant; late reporting (motor/theft). A screening signal for verification, not proof of fraud.",Routine verification of flagged items by a claims analyst,v1.0
CLM00063,POL137382,Motor - Own Damage,300000,44174,795,1,Network hospital/garage,0,Yes,20,Mumbai,0.1472,15,Low,No,R8,"Low-risk: late reporting (motor/theft). A screening signal for verification, not proof of fraud.",Standard processing,v1.0
CLM00064,POL363407,Motor - Own Damage,300000,90187,435,3,Non-network,0,Yes,23,Guwahati,0.3006,30,Medium,Yes,R4|R8,"Medium-risk: repeat claimant; late reporting (motor/theft). A screening signal for verification, not proof of fraud.",Routine verification of flagged items by a claims analyst,v1.0
CLM00065,POL491991,Motor - Own Damage,1000000,128620,122,1,Network hospital/garage,1,Yes,9,Patna,0.1286,15,Low,No,R8,"Low-risk: late reporting (motor/theft). A screening signal for verification, not proof of fraud.",Standard processing,v1.0
CLM00066,POL636853,Motor - Own Damage,1500000,69215,565,2,Non-network,1,Yes,4,Patna,0.0461,0,Low,No,,No red-flag rules triggered.,Standard processing,v1.0
CLM00067,POL832530,Motor - Own Damage,1000000,80242,81,0,Non-network,1,Yes,14,Jaipur,0.0802,35,Medium,Yes,R1|R8,"Medium-risk: early-life claim; late reporting (motor/theft). A screening signal for verification, not proof of fraud.",Routine verification of flagged items by a claims analyst,v1.0
CLM00068,POL454768,Motor - Theft,500000,95355,767,1,Network hospital/garage,2,Yes,12,Chandigarh,0.1907,25,Low,No,R6|R8,"Low-risk: recent address changes; late reporting (motor/theft). A screening signal for verification, not proof of fraud.",Standard processing,v1.0
CLM00069,POL973419,Health - Day Care,300000,65913,380,2,Network hospital/garage,0,Yes,3,Surat,0.2197,0,Low,No,,No red-flag rules triggered.,Standard processing,v1.0
CLM00070,POL167744,Motor - Own Damage,1000000,437459,440,2,Non-network,1,Yes,17,Nagpur,0.4375,15,Low,No,R8,"Low-risk: late reporting (motor/theft). A screening signal for verification, not proof of fraud.",Standard processing,v1.0
CLM00071,POL372406,Health - Day Care,500000,11410,838,0,Network hospital/garage,0,Yes,9,Bengaluru,0.0228,0,Low,No,,No red-flag rules triggered.,Standard processing,v1.0
CLM00072,POL385662,Health - Hospitalisation,1000000,233790,813,3,Network hospital/garage,0,No,21,Pune,0.2338,35,Medium,Yes,R4|R7,"Medium-risk: repeat claimant; incomplete documents. A screening signal for verification, not proof of fraud.",Routine verification of flagged items by a claims analyst,v1.0
CLM00073,POL563721,Health - Day Care,500000,248731,93,3,Network hospital/garage,1,Yes,0,Patna,0.4975,15,Low,No,R4,"Low-risk: repeat claimant. A screening signal for verification, not proof of fraud.",Standard processing,v1.0
CLM00074,POL594871,Health - Hospitalisation,500000,26359,324,2,Network hospital/garage,0,No,7,Bengaluru,0.0527,20,Low,No,R7,"Low-risk: incomplete documents. A screening signal for verification, not proof of fraud.",Standard processing,v1.0
CLM00075,POL726017,Motor - Own Damage,1500000,192811,572,2,Network hospital/garage,1,Yes,20,Guwahati,0.1285,15,Low,No,R8,"Low-risk: late reporting (motor/theft). A screening signal for verification, not proof of fraud.",Standard processing,v1.0
CLM00076,POL746430,Motor - Own Damage,1500000,189569,778,0,Network hospital/garage,0,Yes,23,Hyderabad,0.1264,15,Low,No,R8,"Low-risk: late reporting (motor/theft). A screening signal for verification, not proof of fraud.",Standard processing,v1.0
CLM00077,POL122418,Motor - Own Damage,500000,54316,667,1,Network hospital/garage,0,Yes,3,Indore,0.1086,0,Low,No,,No red-flag rules triggered.,Standard processing,v1.0
CLM00078,POL549638,Motor - Own Damage,1500000,314965,600,3,Network hospital/garage,2,Yes,11,Bhubaneswar,0.21,40,Medium,Yes,R4|R6|R8,"Medium-risk: repeat claimant; recent address changes; late reporting (motor/theft). A screening signal for verification, not proof of fraud.",Routine verification of flagged items by a claims analyst,v1.0
CLM00079,POL299704,Motor - Own Damage,300000,34214,711,1,Non-network,2,Yes,14,Mumbai,0.114,25,Low,No,R6|R8,"Low-risk: recent address changes; late reporting (motor/theft). A screening signal for verification, not proof of fraud.",Standard processing,v1.0
CLM00080,POL393425,Motor - Own Damage,1000000,50810,962,3,Non-network,2,Yes,18,Nashik,0.0508,40,Medium,Yes,R4|R6|R8,"Medium-risk: repeat claimant; recent address changes; late reporting (motor/theft). A screening signal for verification, not proof of fraud.",Routine verification of flagged items by a claims analyst,v1.0
CLM00081,POL287484,Motor - Own Damage,300000,91750,561,1,Non-network,2,Yes,29,Guwahati,0.3058,25,Low,No,R6|R8,"Low-risk: recent address changes; late reporting (motor/theft). A screening signal for verification, not proof of fraud.",Standard processing,v1.0
CLM00082,POL263206,Health - Hospitalisation,1500000,368858,334,3,Network hospital/garage,1,Yes,26,Kochi,0.2459,15,Low,No,R4,"Low-risk: repeat claimant. A screening signal for verification, not proof of fraud.",Standard processing,v1.0
CLM00083,POL897386,Health - Day Care,500000,74707,418,3,Non-network,0,Yes,28,Indore,0.1494,15,Low,No,R4,"Low-risk: repeat claimant. A screening signal for verification, not proof of fraud.",Standard processing,v1.0
CLM00084,POL107975,Motor - Theft,1500000,393340,171,0,Non-network,2,No,19,Surat,0.2622,45,Medium,Yes,R6|R7|R8,"Medium-risk: recent address changes; incomplete documents; late reporting (motor/theft). A screening signal for verification, not proof of fraud.",Routine verification of flagged items by a claims analyst,v1.0
CLM00085,POL673143,Health - Hospitalisation,1000000,616087,548,1,Network hospital/garage,2,Yes,20,Pune,0.6161,10,Low,No,R6,"Low-risk: recent address changes. A screening signal for verification, not proof of fraud.",Standard processing,v1.0
CLM00086,POL818959,Health - Hospitalisation,300000,70261,297,3,Network hospital/garage,0,Yes,28,Coimbatore,0.2342,15,Low,No,R4,"Low-risk: repeat claimant. A screening signal for verification, not proof of fraud.",Standard processing,v1.0
CLM00087,POL571518,Health - Hospitalisation,500000,157497,98,1,Network hospital/garage,0,Yes,10,Delhi,0.315,0,Low,No,,No red-flag rules triggered.,Standard processing,v1.0
CLM00088,POL204320,Motor - Own Damage,500000,82782,930,3,Network hospital/garage,2,Yes,17,Indore,0.1656,40,Medium,Yes,R4|R6|R8,"Medium-risk: repeat claimant; recent address changes; late reporting (motor/theft). A screening signal for verification, not proof of fraud.",Routine verification of flagged items by a claims analyst,v1.0
CLM00089,POL892030,Motor - Theft,300000,40559,356,3,Network hospital/garage,1,No,3,Bengaluru,0.1352,35,Medium,Yes,R4|R7,"Medium-risk: repeat claimant; incomplete documents. A screening signal for verification, not proof of fraud.",Routine verification of flagged items by a claims analyst,v1.0
CLM00090,POL360267,Health - Day Care,500000,84627,518,0,Network hospital/garage,2,Yes,19,Surat,0.1693,10,Low,No,R6,"Low-risk: recent address changes. A screening signal for verification, not proof of fraud.",Standard processing,v1.0
CLM00091,POL181687,Home - Theft,1000000,164060,504,2,Network hospital/garage,2,Yes,19,Nagpur,0.1641,25,Low,No,R6|R8,"Low-risk: recent address changes; late reporting (motor/theft). A screening signal for verification, not proof of fraud.",Standard processing,v1.0
CLM00092,POL138536,Health - Day Care,500000,88057,883,3,Network hospital/garage,0,Yes,27,Coimbatore,0.1761,15,Low,No,R4,"Low-risk: repeat claimant. A screening signal for verification, not proof of fraud.",Standard processing,v1.0
CLM00093,POL447114,Motor - Own Damage,1000000,508825,895,2,Network hospital/garage,0,Yes,12,Hyderabad,0.5088,15,Low,No,R8,"Low-risk: late reporting (motor/theft). A screening signal for verification, not proof of fraud.",Standard processing,v1.0
CLM00094,POL502286,Health - Hospitalisation,1500000,254051,835,0,Network hospital/garage,2,Yes,0,Ahmedabad,0.1694,10,Low,No,R6,"Low-risk: recent address changes. A screening signal for verification, not proof of fraud.",Standard processing,v1.0
CLM00095,POL458561,Motor - Theft,500000,167340,443,3,Non-network,2,Yes,17,Patna,0.3347,40,Medium,Yes,R4|R6|R8,"Medium-risk: repeat claimant; recent address changes; late reporting (motor/theft). A screening signal for verification, not proof of fraud.",Routine verification of flagged items by a claims analyst,v1.0
CLM00096,POL624359,Health - Hospitalisation,300000,59843,469,3,Network hospital/garage,2,Yes,24,Lucknow,0.1995,25,Low,No,R4|R6,"Low-risk: repeat claimant; recent address changes. A screening signal for verification, not proof of fraud.",Standard processing,v1.0
CLM00097,POL230710,Health - Hospitalisation,1500000,479386,962,0,Non-network,0,Yes,21,Jaipur,0.3196,0,Low,No,,No red-flag rules triggered.,Standard processing,v1.0
CLM00098,POL969870,Health - Day Care,1000000,168182,500,0,Network hospital/garage,2,No,29,Bhubaneswar,0.1682,30,Medium,Yes,R6|R7,"Medium-risk: recent address changes; incomplete documents. A screening signal for verification, not proof of fraud.",Routine verification of flagged items by a claims analyst,v1.0
CLM00099,POL850593,Health - Hospitalisation,1000000,209791,501,3,Non-network,1,Yes,13,Chennai,0.2098,15,Low,No,R4,"Low-risk: repeat claimant. A screening signal for verification, not proof of fraud.",Standard processing,v1.0
CLM00100,POL171648,Health - Hospitalisation,1500000,245486,170,2,Network hospital/garage,0,Yes,12,Pune,0.1637,0,Low,No,,No red-flag rules triggered.,Standard processing,v1.0
CLM00101,POL784365,Motor - Own Damage,1000000,294453,630,1,Network hospital/garage,0,Yes,28,Bengaluru,0.2945,15,Low,No,R8,"Low-risk: late reporting (motor/theft). A screening signal for verification, not proof of fraud.",Standard processing,v1.0
CLM00102,POL237947,Motor - Own Damage,1000000,152128,390,1,Network hospital/garage,0,Yes,2,Pune,0.1521,0,Low,No,,No red-flag rules triggered.,Standard processing,v1.0
CLM00103,POL416842,Health - Hospitalisation,1500000,243789,163,3,Network hospital/garage,2,No,19,Nagpur,0.1625,45,Medium,Yes,R4|R6|R7,"Medium-risk: repeat claimant; recent address changes; incomplete documents. A screening signal for verification, not proof of fraud.",Routine verification of flagged items by a claims analyst,v1.0
CLM00104,POL345610,Motor - Own Damage,500000,71755,397,0,Non-network,0,Yes,2,Patna,0.1435,0,Low,No,,No red-flag rules triggered.,Standard processing,v1.0
CLM00105,POL489261,Motor - Own Damage,300000,103852,558,0,Non-network,0,Yes,11,Nagpur,0.3462,15,Low,No,R8,"Low-risk: late reporting (motor/theft). A screening signal for verification, not proof of fraud.",Standard processing,v1.0
CLM00106,POL484438,Health - Hospitalisation,300000,30532,563,2,Network hospital/garage,0,Yes,1,Patna,0.1018,0,Low,No,,No red-flag rules triggered.,Standard processing,v1.0
CLM00107,POL616088,Motor - Own Damage,1500000,1449045,20,2,Non-network,1,Yes,45,Kolkata,0.966,60,High,Yes,R2|R3|R8,"High-risk: very early claim; high claim-to-sum-insured ratio; late reporting (motor/theft). A screening signal for verification, not proof of fraud.",Priority manual review by an investigator; verify flagged items before any decision,v1.0
CLM00108,POL246080,Motor - Own Damage,500000,485233,8,2,Non-network,3,Yes,53,Lucknow,0.9705,70,High,Yes,R2|R3|R6|R8,"High-risk: very early claim; high claim-to-sum-insured ratio; recent address changes; late reporting (motor/theft). A screening signal for verification, not proof of fraud.",Priority manual review by an investigator; verify flagged items before any decision,v1.0
CLM00109,POL389463,Health - Hospitalisation,1000000,38360,106,3,Non-network,2,Yes,8,Ahmedabad,0.0384,25,Low,No,R4|R6,"Low-risk: repeat claimant; recent address changes. A screening signal for verification, not proof of fraud.",Standard processing,v1.0
CLM00110,POL496478,Motor - Own Damage,1500000,197741,101,3,Network hospital/garage,0,Yes,6,Bhubaneswar,0.1318,15,Low,No,R4,"Low-risk: repeat claimant. A screening signal for verification, not proof of fraud.",Standard processing,v1.0
CLM00111,POL303668,Motor - Own Damage,500000,88603,819,3,Network hospital/garage,0,Yes,10,Delhi,0.1772,30,Medium,Yes,R4|R8,"Medium-risk: repeat claimant; late reporting (motor/theft). A screening signal for verification, not proof of fraud.",Routine verification of flagged items by a claims analyst,v1.0
CLM00112,POL707083,Motor - Own Damage,1500000,679250,119,0,Network hospital/garage,1,Yes,24,Jaipur,0.4528,15,Low,No,R8,"Low-risk: late reporting (motor/theft). A screening signal for verification, not proof of fraud.",Standard processing,v1.0
CLM00113,POL252341,Motor - Own Damage,1500000,239234,959,2,Non-network,0,Yes,5,Patna,0.1595,0,Low,No,,No red-flag rules triggered.,Standard processing,v1.0
CLM00114,POL176105,Health - Hospitalisation,1500000,426127,380,3,Non-network,1,Yes,11,Surat,0.2841,15,Low,No,R4,"Low-risk: repeat claimant. A screening signal for verification, not proof of fraud.",Standard processing,v1.0
CLM00115,POL134005,Motor - Own Damage,1500000,150096,417,2,Network hospital/garage,2,Yes,24,Delhi,0.1001,25,Low,No,R6|R8,"Low-risk: recent address changes; late reporting (motor/theft). A screening signal for verification, not proof of fraud.",Standard processing,v1.0
CLM00116,POL807573,Motor - Own Damage,500000,164181,615,2,Network hospital/garage,1,Yes,0,Patna,0.3284,0,Low,No,,No red-flag rules triggered.,Standard processing,v1.0
CLM00117,POL784532,Health - Hospitalisation,1500000,265617,137,1,Network hospital/garage,2,Yes,28,Surat,0.1771,10,Low,No,R6,"Low-risk: recent address changes. A screening signal for verification, not proof of fraud.",Standard processing,v1.0
CLM00118,POL739492,Health - Hospitalisation,1500000,420296,59,3,Network hospital/garage,2,Yes,25,Bengaluru,0.2802,45,Medium,Yes,R1|R4|R6,"Medium-risk: early-life claim; repeat claimant; recent address changes. A screening signal for verification, not proof of fraud.",Routine verification of flagged items by a claims analyst,v1.0
CLM00119,POL638560,Motor - Own Damage,1500000,173297,264,0,Network hospital/garage,1,No,25,Bengaluru,0.1155,35,Medium,Yes,R7|R8,"Medium-risk: incomplete documents; late reporting (motor/theft). A screening signal for verification, not proof of fraud.",Routine verification of flagged items by a claims analyst,v1.0
CLM00120,POL258847,Health - Hospitalisation,1500000,502449,287,1,Non-network,2,Yes,7,Kochi,0.335,10,Low,No,R6,"Low-risk: recent address changes. A screening signal for verification, not proof of fraud.",Standard processing,v1.0
CLM00121,POL770615,Motor - Own Damage,1500000,52720,145,2,Network hospital/garage,1,Yes,17,Kolkata,0.0351,15,Low,No,R8,"Low-risk: late reporting (motor/theft). A screening signal for verification, not proof of fraud.",Standard processing,v1.0
CLM00122,POL717039,Health - Hospitalisation,1000000,272724,503,2,Network hospital/garage,0,Yes,4,Pune,0.2727,0,Low,No,,No red-flag rules triggered.,Standard processing,v1.0
CLM00123,POL416415,Motor - Own Damage,1500000,403989,999,3,Network hospital/garage,2,Yes,23,Indore,0.2693,40,Medium,Yes,R4|R6|R8,"Medium-risk: repeat claimant; recent address changes; late reporting (motor/theft). A screening signal for verification, not proof of fraud.",Routine verification of flagged items by a claims analyst,v1.0
CLM00124,POL595840,Health - Hospitalisation,1000000,111030,206,0,Network hospital/garage,0,Yes,6,Nagpur,0.111,0,Low,No,,No red-flag rules triggered.,Standard processing,v1.0
CLM00125,POL280384,Health - Hospitalisation,1000000,266639,963,0,Network hospital/garage,1,No,13,Nashik,0.2666,20,Low,No,R7,"Low-risk: incomplete documents. A screening signal for verification, not proof of fraud.",Standard processing,v1.0
CLM00126,POL348924,Motor - Own Damage,1000000,203085,689,1,Network hospital/garage,0,Yes,24,Bengaluru,0.2031,15,Low,No,R8,"Low-risk: late reporting (motor/theft). A screening signal for verification, not proof of fraud.",Standard processing,v1.0
CLM00127,POL932248,Motor - Own Damage,500000,441657,36,4,Non-network,1,No,57,Kochi,0.8833,95,High,Yes,R1|R3|R4|R7|R8|R10,"High-risk: early-life claim; high claim-to-sum-insured ratio; repeat claimant; incomplete documents; late reporting (motor/theft); early claim with missing documents. A screening signal for verification, not proof of fraud.",Priority manual review by an investigator; verify flagged items before any decision,v1.0
CLM00128,POL333179,Motor - Own Damage,300000,47620,421,3,Network hospital/garage,0,Yes,25,Nagpur,0.1587,30,Medium,Yes,R4|R8,"Medium-risk: repeat claimant; late reporting (motor/theft). A screening signal for verification, not proof of fraud.",Routine verification of flagged items by a claims analyst,v1.0
CLM00129,POL306773,Health - Day Care,300000,35312,851,2,Network hospital/garage,1,Yes,4,Ahmedabad,0.1177,0,Low,No,,No red-flag rules triggered.,Standard processing,v1.0
CLM00130,POL751715,Motor - Own Damage,1000000,511084,426,1,Network hospital/garage,2,Yes,2,Kochi,0.5111,10,Low,No,R6,"Low-risk: recent address changes. A screening signal for verification, not proof of fraud.",Standard processing,v1.0
CLM00131,POL731018,Health - Hospitalisation,500000,90396,621,0,Network hospital/garage,1,Yes,0,Chennai,0.1808,0,Low,No,,No red-flag rules triggered.,Standard processing,v1.0
CLM00132,POL341538,Health - Day Care,300000,106191,469,1,Non-network,2,Yes,8,Coimbatore,0.354,10,Low,No,R6,"Low-risk: recent address changes. A screening signal for verification, not proof of fraud.",Standard processing,v1.0
CLM00133,POL595508,Motor - Own Damage,500000,152387,688,2,Network hospital/garage,0,Yes,1,Bengaluru,0.3048,0,Low,No,,No red-flag rules triggered.,Standard processing,v1.0
CLM00134,POL288179,Motor - Own Damage,1500000,352766,80,3,Network hospital/garage,2,Yes,21,Surat,0.2352,60,High,Yes,R1|R4|R6|R8,"High-risk: early-life claim; repeat claimant; recent address changes; late reporting (motor/theft). A screening signal for verification, not proof of fraud.",Priority manual review by an investigator; verify flagged items before any decision,v1.0
CLM00135,POL824865,Health - Day Care,300000,56142,981,2,Network hospital/garage,2,Yes,4,Kolkata,0.1871,10,Low,No,R6,"Low-risk: recent address changes. A screening signal for verification, not proof of fraud.",Standard processing,v1.0
CLM00136,POL118088,Health - Hospitalisation,1500000,440089,504,0,Non-network,0,Yes,29,Kolkata,0.2934,0,Low,No,,No red-flag rules triggered.,Standard processing,v1.0
CLM00137,POL190053,Motor - Own Damage,500000,472500,13,4,Non-network,2,No,60,Hyderabad,0.945,100,High,Yes,R2|R3|R4|R6|R7|R8|R10,"High-risk: very early claim; high claim-to-sum-insured ratio; repeat claimant; recent address changes; incomplete documents; late reporting (motor/theft); early claim with missing documents. A screening signal for verification, not proof of fraud.",Priority manual review by an investigator; verify flagged items before any decision,v1.0
CLM00138,POL299275,Motor - Own Damage,1500000,28779,424,3,Network hospital/garage,1,Yes,5,Ahmedabad,0.0192,15,Low,No,R4,"Low-risk: repeat claimant. A screening signal for verification, not proof of fraud.",Standard processing,v1.0
CLM00139,POL816061,Health - Hospitalisation,500000,64558,498,2,Non-network,0,Yes,27,Ahmedabad,0.1291,0,Low,No,,No red-flag rules triggered.,Standard processing,v1.0
CLM00140,POL193658,Health - Day Care,1000000,189348,903,3,Non-network,1,Yes,29,Coimbatore,0.1893,15,Low,No,R4,"Low-risk: repeat claimant. A screening signal for verification, not proof of fraud.",Standard processing,v1.0
CLM00141,POL620984,Health - Day Care,1500000,183625,472,2,Network hospital/garage,0,Yes,25,Bhubaneswar,0.1224,0,Low,No,,No red-flag rules triggered.,Standard processing,v1.0
CLM00142,POL254578,Motor - Own Damage,300000,71492,314,0,Network hospital/garage,1,Yes,17,Patna,0.2383,15,Low,No,R8,"Low-risk: late reporting (motor/theft). A screening signal for verification, not proof of fraud.",Standard processing,v1.0
CLM00143,POL194935,Health - Hospitalisation,1000000,101554,436,1,Network hospital/garage,1,Yes,11,Hyderabad,0.1016,0,Low,No,,No red-flag rules triggered.,Standard processing,v1.0
CLM00144,POL154682,Motor - Own Damage,300000,61859,669,1,Non-network,0,Yes,9,Pune,0.2062,15,Low,No,R8,"Low-risk: late reporting (motor/theft). A screening signal for verification, not proof of fraud.",Standard processing,v1.0
CLM00145,POL657363,Health - Hospitalisation,1000000,130422,566,2,Network hospital/garage,1,Yes,18,Hyderabad,0.1304,0,Low,No,,No red-flag rules triggered.,Standard processing,v1.0
CLM00146,POL169252,Motor - Own Damage,1000000,375323,40,0,Non-network,2,Yes,17,Kolkata,0.3753,45,Medium,Yes,R1|R6|R8,"Medium-risk: early-life claim; recent address changes; late reporting (motor/theft). A screening signal for verification, not proof of fraud.",Routine verification of flagged items by a claims analyst,v1.0
CLM00147,POL787646,Health - Day Care,1500000,162889,477,3,Network hospital/garage,2,Yes,25,Bhubaneswar,0.1086,25,Low,No,R4|R6,"Low-risk: repeat claimant; recent address changes. A screening signal for verification, not proof of fraud.",Standard processing,v1.0
CLM00148,POL820814,Health - Hospitalisation,1000000,348085,886,2,Network hospital/garage,0,Yes,6,Bhubaneswar,0.3481,0,Low,No,,No red-flag rules triggered.,Standard processing,v1.0
CLM00149,POL988316,Health - Day Care,300000,56306,110,3,Network hospital/garage,1,Yes,2,Indore,0.1877,15,Low,No,R4,"Low-risk: repeat claimant. A screening signal for verification, not proof of fraud.",Standard processing,v1.0
CLM00150,POL998917,Health - Day Care,1500000,373737,32,3,Network hospital/garage,2,Yes,16,Coimbatore,0.2492,45,Medium,Yes,R1|R4|R6,"Medium-risk: early-life claim; repeat claimant; recent address changes. A screening signal for verification, not proof of fraud.",Routine verification of flagged items by a claims analyst,v1.0
CLM00151,POL257756,Health - Hospitalisation,500000,225944,862,0,Network hospital/garage,2,Yes,16,Jaipur,0.4519,10,Low,No,R6,"Low-risk: recent address changes. A screening signal for verification, not proof of fraud.",Standard processing,v1.0
CLM00152,POL353980,Health - Day Care,1500000,307733,976,2,Network hospital/garage,1,No,2,Patna,0.2052,20,Low,No,R7,"Low-risk: incomplete documents. A screening signal for verification, not proof of fraud.",Standard processing,v1.0
CLM00153,POL345842,Health - Hospitalisation,1500000,136555,60,2,Non-network,1,Yes,19,Kolkata,0.091,20,Low,No,R1,"Low-risk: early-life claim. A screening signal for verification, not proof of fraud.",Standard processing,v1.0
CLM00154,POL992800,Motor - Own Damage,500000,3615,777,2,Non-network,0,Yes,18,Jaipur,0.0072,15,Low,No,R8,"Low-risk: late reporting (motor/theft). A screening signal for verification, not proof of fraud.",Standard processing,v1.0
CLM00155,POL494941,Motor - Own Damage,1500000,263887,210,2,Non-network,1,Yes,9,Nagpur,0.1759,15,Low,No,R8,"Low-risk: late reporting (motor/theft). A screening signal for verification, not proof of fraud.",Standard processing,v1.0
CLM00156,POL577601,Home - Theft,1500000,539698,366,0,Network hospital/garage,1,Yes,20,Bengaluru,0.3598,15,Low,No,R8,"Low-risk: late reporting (motor/theft). A screening signal for verification, not proof of fraud.",Standard processing,v1.0
CLM00157,POL590819,Health - Day Care,1500000,355655,578,2,Non-network,1,Yes,19,Jaipur,0.2371,0,Low,No,,No red-flag rules triggered.,Standard processing,v1.0
CLM00158,POL691796,Health - Day Care,1000000,319526,750,2,Network hospital/garage,2,Yes,9,Chandigarh,0.3195,10,Low,No,R6,"Low-risk: recent address changes. A screening signal for verification, not proof of fraud.",Standard processing,v1.0
CLM00159,POL837225,Motor - Own Damage,1000000,117331,684,2,Network hospital/garage,1,Yes,15,Kochi,0.1173,15,Low,No,R8,"Low-risk: late reporting (motor/theft). A screening signal for verification, not proof of fraud.",Standard processing,v1.0
CLM00160,POL513156,Motor - Own Damage,1000000,149887,570,1,Network hospital/garage,2,Yes,28,Jaipur,0.1499,25,Low,No,R6|R8,"Low-risk: recent address changes; late reporting (motor/theft). A screening signal for verification, not proof of fraud.",Standard processing,v1.0
CLM00161,POL329706,Motor - Own Damage,1000000,23582,852,0,Network hospital/garage,0,Yes,11,Nagpur,0.0236,15,Low,No,R8,"Low-risk: late reporting (motor/theft). A screening signal for verification, not proof of fraud.",Standard processing,v1.0
CLM00162,POL650839,Home - Theft,1000000,354345,298,2,Non-network,2,Yes,12,Coimbatore,0.3543,25,Low,No,R6|R8,"Low-risk: recent address changes; late reporting (motor/theft). A screening signal for verification, not proof of fraud.",Standard processing,v1.0
CLM00163,POL954564,Motor - Own Damage,1500000,194322,804,0,Network hospital/garage,2,Yes,17,Jaipur,0.1295,25,Low,No,R6|R8,"Low-risk: recent address changes; late reporting (motor/theft). A screening signal for verification, not proof of fraud.",Standard processing,v1.0
CLM00164,POL907397,Health - Hospitalisation,300000,45802,760,1,Non-network,2,Yes,10,Ahmedabad,0.1527,10,Low,No,R6,"Low-risk: recent address changes. A screening signal for verification, not proof of fraud.",Standard processing,v1.0
CLM00165,POL404606,Motor - Own Damage,500000,94024,587,2,Network hospital/garage,2,Yes,28,Coimbatore,0.188,25,Low,No,R6|R8,"Low-risk: recent address changes; late reporting (motor/theft). A screening signal for verification, not proof of fraud.",Standard processing,v1.0
CLM00166,POL653087,Health - Hospitalisation,300000,78897,246,3,Network hospital/garage,2,Yes,13,Delhi,0.263,25,Low,No,R4|R6,"Low-risk: repeat claimant; recent address changes. A screening signal for verification, not proof of fraud.",Standard processing,v1.0
CLM00167,POL647443,Health - Day Care,300000,110615,450,3,Non-network,1,Yes,11,Kochi,0.3687,15,Low,No,R4,"Low-risk: repeat claimant. A screening signal for verification, not proof of fraud.",Standard processing,v1.0
CLM00168,POL667072,Motor - Own Damage,500000,100700,276,0,Network hospital/garage,1,Yes,19,Indore,0.2014,15,Low,No,R8,"Low-risk: late reporting (motor/theft). A screening signal for verification, not proof of fraud.",Standard processing,v1.0
CLM00169,POL622280,Motor - Own Damage,500000,173724,925,0,Network hospital/garage,1,Yes,15,Surat,0.3474,15,Low,No,R8,"Low-risk: late reporting (motor/theft). A screening signal for verification, not proof of fraud.",Standard processing,v1.0
CLM00170,POL237653,Home - Theft,300000,256270,26,2,Non-network,1,No,54,Hyderabad,0.8542,90,High,Yes,R2|R3|R7|R8|R10,"High-risk: very early claim; high claim-to-sum-insured ratio; incomplete documents; late reporting (motor/theft); early claim with missing documents. A screening signal for verification, not proof of fraud.",Priority manual review by an investigator; verify flagged items before any decision,v1.0
CLM00171,POL451069,Motor - Own Damage,1500000,84227,374,1,Network hospital/garage,1,Yes,22,Patna,0.0562,15,Low,No,R8,"Low-risk: late reporting (motor/theft). A screening signal for verification, not proof of fraud.",Standard processing,v1.0
CLM00172,POL894162,Motor - Own Damage,1000000,479002,125,2,Network hospital/garage,1,Yes,18,Ahmedabad,0.479,15,Low,No,R8,"Low-risk: late reporting (motor/theft). A screening signal for verification, not proof of fraud.",Standard processing,v1.0
CLM00173,POL670133,Motor - Own Damage,300000,134026,463,0,Network hospital/garage,1,Yes,2,Chandigarh,0.4468,0,Low,No,,No red-flag rules triggered.,Standard processing,v1.0
CLM00174,POL514244,Motor - Own Damage,300000,134866,253,3,Network hospital/garage,1,Yes,28,Bengaluru,0.4496,30,Medium,Yes,R4|R8,"Medium-risk: repeat claimant; late reporting (motor/theft). A screening signal for verification, not proof of fraud.",Routine verification of flagged items by a claims analyst,v1.0
CLM00175,POL179693,Health - Hospitalisation,500000,101252,743,0,Non-network,2,No,20,Bengaluru,0.2025,30,Medium,Yes,R6|R7,"Medium-risk: recent address changes; incomplete documents. A screening signal for verification, not proof of fraud.",Routine verification of flagged items by a claims analyst,v1.0
CLM00176,POL216961,Motor - Own Damage,1000000,314117,84,0,Network hospital/garage,1,Yes,19,Coimbatore,0.3141,35,Medium,Yes,R1|R8,"Medium-risk: early-life claim; late reporting (motor/theft). A screening signal for verification, not proof of fraud.",Routine verification of flagged items by a claims analyst,v1.0
CLM00177,POL283334,Health - Day Care,500000,135656,530,1,Non-network,1,Yes,23,Indore,0.2713,0,Low,No,,No red-flag rules triggered.,Standard processing,v1.0
CLM00178,POL423795,Motor - Own Damage,500000,63339,408,2,Non-network,2,Yes,2,Chennai,0.1267,10,Low,No,R6,"Low-risk: recent address changes. A screening signal for verification, not proof of fraud.",Standard processing,v1.0
CLM00179,POL664233,Health - Hospitalisation,1500000,106420,43,0,Network hospital/garage,0,Yes,10,Ahmedabad,0.0709,20,Low,No,R1,"Low-risk: early-life claim. A screening signal for verification, not proof of fraud.",Standard processing,v1.0
CLM00180,POL914780,Health - Day Care,500000,1339,249,0,Network hospital/garage,0,Yes,6,Chennai,0.0027,0,Low,No,,No red-flag rules triggered.,Standard processing,v1.0
CLM00181,POL371929,Health - Day Care,1000000,151083,334,3,Network hospital/garage,2,No,12,Pune,0.1511,45,Medium,Yes,R4|R6|R7,"Medium-risk: repeat claimant; recent address changes; incomplete documents. A screening signal for verification, not proof of fraud.",Routine verification of flagged items by a claims analyst,v1.0
CLM00182,POL804300,Motor - Own Damage,300000,13218,559,2,Non-network,2,No,7,Chennai,0.0441,45,Medium,Yes,R6|R7|R8,"Medium-risk: recent address changes; incomplete documents; late reporting (motor/theft). A screening signal for verification, not proof of fraud.",Routine verification of flagged items by a claims analyst,v1.0
CLM00183,POL581601,Health - Hospitalisation,300000,100780,31,3,Non-network,0,Yes,11,Indore,0.3359,35,Medium,Yes,R1|R4,"Medium-risk: early-life claim; repeat claimant. A screening signal for verification, not proof of fraud.",Routine verification of flagged items by a claims analyst,v1.0
CLM00184,POL662481,Health - Hospitalisation,1000000,184507,658,1,Non-network,1,Yes,9,Bhubaneswar,0.1845,0,Low,No,,No red-flag rules triggered.,Standard processing,v1.0
CLM00185,POL747868,Motor - Own Damage,500000,27754,321,0,Network hospital/garage,2,Yes,4,Bengaluru,0.0555,10,Low,No,R6,"Low-risk: recent address changes. A screening signal for verification, not proof of fraud.",Standard processing,v1.0
CLM00186,POL806721,Health - Hospitalisation,1000000,83313,846,0,Network hospital/garage,0,Yes,20,Nashik,0.0833,0,Low,No,,No red-flag rules triggered.,Standard processing,v1.0
CLM00187,POL464259,Health - Day Care,300000,21584,695,1,Network hospital/garage,2,Yes,22,Mumbai,0.0719,10,Low,No,R6,"Low-risk: recent address changes. A screening signal for verification, not proof of fraud.",Standard processing,v1.0
CLM00188,POL685006,Motor - Own Damage,500000,15478,727,1,Network hospital/garage,2,Yes,24,Surat,0.031,25,Low,No,R6|R8,"Low-risk: recent address changes; late reporting (motor/theft). A screening signal for verification, not proof of fraud.",Standard processing,v1.0
CLM00189,POL800978,Health - Hospitalisation,300000,77226,334,1,Non-network,0,Yes,26,Lucknow,0.2574,0,Low,No,,No red-flag rules triggered.,Standard processing,v1.0
CLM00190,POL120281,Motor - Own Damage,1000000,203957,268,2,Network hospital/garage,1,Yes,28,Patna,0.204,15,Low,No,R8,"Low-risk: late reporting (motor/theft). A screening signal for verification, not proof of fraud.",Standard processing,v1.0
CLM00191,POL528729,Motor - Own Damage,300000,153421,577,1,Non-network,2,Yes,24,Hyderabad,0.5114,25,Low,No,R6|R8,"Low-risk: recent address changes; late reporting (motor/theft). A screening signal for verification, not proof of fraud.",Standard processing,v1.0
CLM00192,POL714262,Motor - Own Damage,300000,91280,937,3,Non-network,2,Yes,18,Kochi,0.3043,40,Medium,Yes,R4|R6|R8,"Medium-risk: repeat claimant; recent address changes; late reporting (motor/theft). A screening signal for verification, not proof of fraud.",Routine verification of flagged items by a claims analyst,v1.0
CLM00193,POL426049,Home - Theft,500000,30728,92,2,Network hospital/garage,2,Yes,4,Chennai,0.0615,10,Low,No,R6,"Low-risk: recent address changes. A screening signal for verification, not proof of fraud.",Standard processing,v1.0
CLM00194,POL640924,Health - Day Care,500000,95337,178,3,Non-network,0,Yes,25,Chandigarh,0.1907,15,Low,No,R4,"Low-risk: repeat claimant. A screening signal for verification, not proof of fraud.",Standard processing,v1.0
CLM00195,POL696668,Motor - Own Damage,300000,36025,137,3,Network hospital/garage,1,Yes,1,Bhubaneswar,0.1201,15,Low,No,R4,"Low-risk: repeat claimant. A screening signal for verification, not proof of fraud.",Standard processing,v1.0
CLM00196,POL649742,Home - Theft,500000,131812,88,1,Network hospital/garage,0,Yes,6,Coimbatore,0.2636,20,Low,No,R1,"Low-risk: early-life claim. A screening signal for verification, not proof of fraud.",Standard processing,v1.0
CLM00197,POL657584,Health - Day Care,1000000,19440,481,3,Network hospital/garage,2,Yes,11,Surat,0.0194,25,Low,No,R4|R6,"Low-risk: repeat claimant; recent address changes. A screening signal for verification, not proof of fraud.",Standard processing,v1.0
CLM00198,POL627082,Health - Day Care,300000,28712,433,3,Network hospital/garage,1,Yes,18,Jaipur,0.0957,15,Low,No,R4,"Low-risk: repeat claimant. A screening signal for verification, not proof of fraud.",Standard processing,v1.0
CLM00199,POL730989,Motor - Own Damage,1500000,235274,748,1,Non-network,1,Yes,9,Jaipur,0.1568,15,Low,No,R8,"Low-risk: late reporting (motor/theft). A screening signal for verification, not proof of fraud.",Standard processing,v1.0
CLM00200,POL626207,Home - Theft,1000000,151444,437,3,Non-network,2,No,13,Patna,0.1514,60,High,Yes,R4|R6|R7|R8,"High-risk: repeat claimant; recent address changes; incomplete documents; late reporting (motor/theft). A screening signal for verification, not proof of fraud.",Priority manual review by an investigator; verify flagged items before any decision,v1.0
CLM00201,POL580743,Health - Hospitalisation,300000,232908,23,5,Network hospital/garage,3,Yes,66,Chandigarh,0.7764,75,High,Yes,R2|R5|R6|R9,"High-risk: very early claim; very frequent claimant; recent address changes; late reporting (health). A screening signal for verification, not proof of fraud.",Priority manual review by an investigator; verify flagged items before any decision,v1.0
CLM00202,POL367422,Motor - Own Damage,1500000,382760,138,2,Non-network,1,Yes,28,Delhi,0.2552,15,Low,No,R8,"Low-risk: late reporting (motor/theft). A screening signal for verification, not proof of fraud.",Standard processing,v1.0
CLM00203,POL461708,Motor - Theft,500000,81435,926,1,Network hospital/garage,0,Yes,16,Kolkata,0.1629,15,Low,No,R8,"Low-risk: late reporting (motor/theft). A screening signal for verification, not proof of fraud.",Standard processing,v1.0
CLM00204,POL790163,Health - Hospitalisation,500000,45728,956,2,Non-network,1,Yes,4,Patna,0.0915,0,Low,No,,No red-flag rules triggered.,Standard processing,v1.0
CLM00205,POL982265,Motor - Own Damage,1000000,119533,182,2,Network hospital/garage,2,Yes,3,Nashik,0.1195,10,Low,No,R6,"Low-risk: recent address changes. A screening signal for verification, not proof of fraud.",Standard processing,v1.0
CLM00206,POL862238,Motor - Theft,300000,106682,282,3,Network hospital/garage,2,Yes,27,Ahmedabad,0.3556,40,Medium,Yes,R4|R6|R8,"Medium-risk: repeat claimant; recent address changes; late reporting (motor/theft). A screening signal for verification, not proof of fraud.",Routine verification of flagged items by a claims analyst,v1.0
CLM00207,POL848616,Health - Hospitalisation,1000000,289679,941,2,Network hospital/garage,0,Yes,25,Ahmedabad,0.2897,0,Low,No,,No red-flag rules triggered.,Standard processing,v1.0
CLM00208,POL312753,Motor - Own Damage,1500000,204948,730,2,Network hospital/garage,1,No,14,Mumbai,0.1366,35,Medium,Yes,R7|R8,"Medium-risk: incomplete documents; late reporting (motor/theft). A screening signal for verification, not proof of fraud.",Routine verification of flagged items by a claims analyst,v1.0
CLM00209,POL314901,Motor - Theft,300000,20807,555,3,Network hospital/garage,1,Yes,28,Bengaluru,0.0694,30,Medium,Yes,R4|R8,"Medium-risk: repeat claimant; late reporting (motor/theft). A screening signal for verification, not proof of fraud.",Routine verification of flagged items by a claims analyst,v1.0
CLM00210,POL871225,Health - Day Care,300000,23766,620,0,Network hospital/garage,1,Yes,24,Ahmedabad,0.0792,0,Low,No,,No red-flag rules triggered.,Standard processing,v1.0
CLM00211,POL580406,Home - Theft,1000000,289637,862,2,Network hospital/garage,0,Yes,1,Patna,0.2896,0,Low,No,,No red-flag rules triggered.,Standard processing,v1.0
CLM00212,POL186706,Health - Day Care,300000,48663,85,0,Non-network,2,Yes,0,Chennai,0.1622,30,Medium,Yes,R1|R6,"Medium-risk: early-life claim; recent address changes. A screening signal for verification, not proof of fraud.",Routine verification of flagged items by a claims analyst,v1.0
CLM00213,POL115904,Health - Hospitalisation,500000,97743,859,0,Network hospital/garage,1,Yes,28,Jaipur,0.1955,0,Low,No,,No red-flag rules triggered.,Standard processing,v1.0
CLM00214,POL504483,Motor - Own Damage,500000,176250,419,3,Network hospital/garage,2,Yes,7,Nagpur,0.3525,40,Medium,Yes,R4|R6|R8,"Medium-risk: repeat claimant; recent address changes; late reporting (motor/theft). A screening signal for verification, not proof of fraud.",Routine verification of flagged items by a claims analyst,v1.0
CLM00215,POL530814,Motor - Own Damage,1500000,467831,625,1,Network hospital/garage,0,Yes,9,Chandigarh,0.3119,15,Low,No,R8,"Low-risk: late reporting (motor/theft). A screening signal for verification, not proof of fraud.",Standard processing,v1.0
CLM00216,POL776569,Health - Day Care,500000,206022,923,2,Network hospital/garage,1,Yes,14,Chandigarh,0.412,0,Low,No,,No red-flag rules triggered.,Standard processing,v1.0
CLM00217,POL129998,Health - Hospitalisation,500000,37382,674,1,Network hospital/garage,2,Yes,20,Nagpur,0.0748,10,Low,No,R6,"Low-risk: recent address changes. A screening signal for verification, not proof of fraud.",Standard processing,v1.0
CLM00218,POL765596,Health - Hospitalisation,1500000,67237,907,3,Network hospital/garage,2,Yes,24,Surat,0.0448,25,Low,No,R4|R6,"Low-risk: repeat claimant; recent address changes. A screening signal for verification, not proof of fraud.",Standard processing,v1.0
CLM00219,POL710413,Health - Hospitalisation,300000,87676,342,2,Network hospital/garage,0,Yes,16,Delhi,0.2923,0,Low,No,,No red-flag rules triggered.,Standard processing,v1.0
CLM00220,POL827046,Home - Theft,500000,100044,803,1,Non-network,1,Yes,25,Patna,0.2001,15,Low,No,R8,"Low-risk: late reporting (motor/theft). A screening signal for verification, not proof of fraud.",Standard processing,v1.0
CLM00221,POL948137,Home - Theft,500000,91941,617,1,Network hospital/garage,0,Yes,13,Hyderabad,0.1839,15,Low,No,R8,"Low-risk: late reporting (motor/theft). A screening signal for verification, not proof of fraud.",Standard processing,v1.0
CLM00222,POL564297,Motor - Own Damage,1000000,60983,169,2,Non-network,1,Yes,28,Ahmedabad,0.061,15,Low,No,R8,"Low-risk: late reporting (motor/theft). A screening signal for verification, not proof of fraud.",Standard processing,v1.0
CLM00223,POL479890,Motor - Own Damage,1500000,50662,247,1,Network hospital/garage,1,Yes,28,Jaipur,0.0338,15,Low,No,R8,"Low-risk: late reporting (motor/theft). A screening signal for verification, not proof of fraud.",Standard processing,v1.0
CLM00224,POL193350,Health - Hospitalisation,1500000,607959,735,0,Network hospital/garage,2,Yes,20,Hyderabad,0.4053,10,Low,No,R6,"Low-risk: recent address changes. A screening signal for verification, not proof of fraud.",Standard processing,v1.0
CLM00225,POL168975,Motor - Theft,1000000,243858,565,1,Network hospital/garage,0,Yes,11,Bengaluru,0.2439,15,Low,No,R8,"Low-risk: late reporting (motor/theft). A screening signal for verification, not proof of fraud.",Standard processing,v1.0
CLM00226,POL416182,Health - Hospitalisation,500000,71406,106,1,Network hospital/garage,2,Yes,18,Chennai,0.1428,10,Low,No,R6,"Low-risk: recent address changes. A screening signal for verification, not proof of fraud.",Standard processing,v1.0
CLM00227,POL763795,Motor - Own Damage,500000,73257,244,0,Network hospital/garage,0,Yes,27,Guwahati,0.1465,15,Low,No,R8,"Low-risk: late reporting (motor/theft). A screening signal for verification, not proof of fraud.",Standard processing,v1.0
CLM00228,POL715147,Motor - Own Damage,300000,36457,72,1,Network hospital/garage,0,Yes,9,Chandigarh,0.1215,35,Medium,Yes,R1|R8,"Medium-risk: early-life claim; late reporting (motor/theft). A screening signal for verification, not proof of fraud.",Routine verification of flagged items by a claims analyst,v1.0
CLM00229,POL772062,Health - Day Care,300000,46561,522,0,Non-network,2,Yes,10,Lucknow,0.1552,10,Low,No,R6,"Low-risk: recent address changes. A screening signal for verification, not proof of fraud.",Standard processing,v1.0
CLM00230,POL263417,Health - Day Care,1000000,91755,424,3,Network hospital/garage,2,Yes,17,Ahmedabad,0.0918,25,Low,No,R4|R6,"Low-risk: repeat claimant; recent address changes. A screening signal for verification, not proof of fraud.",Standard processing,v1.0
CLM00231,POL461262,Health - Day Care,1000000,148751,458,0,Network hospital/garage,0,No,12,Kolkata,0.1488,20,Low,No,R7,"Low-risk: incomplete documents. A screening signal for verification, not proof of fraud.",Standard processing,v1.0
CLM00232,POL748266,Motor - Own Damage,300000,51377,180,1,Non-network,0,Yes,29,Delhi,0.1713,15,Low,No,R8,"Low-risk: late reporting (motor/theft). A screening signal for verification, not proof of fraud.",Standard processing,v1.0
CLM00233,POL199975,Health - Hospitalisation,300000,20949,271,2,Network hospital/garage,1,Yes,2,Kochi,0.0698,0,Low,No,,No red-flag rules triggered.,Standard processing,v1.0
CLM00234,POL292944,Health - Day Care,1000000,875922,38,4,Non-network,2,Yes,55,Kolkata,0.8759,70,High,Yes,R1|R3|R4|R6|R9,"High-risk: early-life claim; high claim-to-sum-insured ratio; repeat claimant; recent address changes; late reporting (health). A screening signal for verification, not proof of fraud.",Priority manual review by an investigator; verify flagged items before any decision,v1.0
CLM00235,POL778599,Health - Hospitalisation,1500000,203776,15,3,Network hospital/garage,1,Yes,25,Indore,0.1359,45,Medium,Yes,R2|R4,"Medium-risk: very early claim; repeat claimant. A screening signal for verification, not proof of fraud.",Routine verification of flagged items by a claims analyst,v1.0
CLM00236,POL814801,Motor - Own Damage,1500000,385187,210,1,Network hospital/garage,1,Yes,28,Coimbatore,0.2568,15,Low,No,R8,"Low-risk: late reporting (motor/theft). A screening signal for verification, not proof of fraud.",Standard processing,v1.0
CLM00237,POL907128,Health - Day Care,1000000,253446,388,0,Network hospital/garage,1,Yes,1,Patna,0.2534,0,Low,No,,No red-flag rules triggered.,Standard processing,v1.0
CLM00238,POL405689,Health - Hospitalisation,500000,107407,753,3,Network hospital/garage,0,Yes,20,Nashik,0.2148,15,Low,No,R4,"Low-risk: repeat claimant. A screening signal for verification, not proof of fraud.",Standard processing,v1.0
CLM00239,POL217120,Health - Hospitalisation,500000,452209,39,3,Non-network,2,No,62,Bengaluru,0.9044,100,High,Yes,R1|R3|R4|R6|R7|R9|R10,"High-risk: early-life claim; high claim-to-sum-insured ratio; repeat claimant; recent address changes; incomplete documents; late reporting (health); early claim with missing documents. A screening signal for verification, not proof of fraud.",Priority manual review by an investigator; verify flagged items before any decision,v1.0
CLM00240,POL536378,Health - Day Care,1500000,1201000,35,3,Network hospital/garage,1,Yes,68,Jaipur,0.8007,60,High,Yes,R1|R3|R4|R9,"High-risk: early-life claim; high claim-to-sum-insured ratio; repeat claimant; late reporting (health). A screening signal for verification, not proof of fraud.",Priority manual review by an investigator; verify flagged items before any decision,v1.0
CLM00241,POL145511,Health - Day Care,500000,168524,975,0,Non-network,1,Yes,14,Hyderabad,0.337,0,Low,No,,No red-flag rules triggered.,Standard processing,v1.0
CLM00242,POL385993,Health - Day Care,1500000,192888,106,3,Non-network,0,Yes,13,Patna,0.1286,15,Low,No,R4,"Low-risk: repeat claimant. A screening signal for verification, not proof of fraud.",Standard processing,v1.0
CLM00243,POL338722,Home - Theft,300000,41796,429,3,Network hospital/garage,2,No,22,Nashik,0.1393,60,High,Yes,R4|R6|R7|R8,"High-risk: repeat claimant; recent address changes; incomplete documents; late reporting (motor/theft). A screening signal for verification, not proof of fraud.",Priority manual review by an investigator; verify flagged items before any decision,v1.0
CLM00244,POL197063,Motor - Own Damage,1000000,78855,172,2,Network hospital/garage,1,Yes,28,Kolkata,0.0789,15,Low,No,R8,"Low-risk: late reporting (motor/theft). A screening signal for verification, not proof of fraud.",Standard processing,v1.0
CLM00245,POL479639,Health - Hospitalisation,300000,28997,601,0,Non-network,1,Yes,15,Mumbai,0.0967,0,Low,No,,No red-flag rules triggered.,Standard processing,v1.0
CLM00246,POL866160,Health - Hospitalisation,500000,44275,213,2,Network hospital/garage,1,Yes,14,Bhubaneswar,0.0886,0,Low,No,,No red-flag rules triggered.,Standard processing,v1.0
CLM00247,POL170925,Home - Theft,1500000,354638,519,2,Non-network,0,Yes,7,Guwahati,0.2364,15,Low,No,R8,"Low-risk: late reporting (motor/theft). A screening signal for verification, not proof of fraud.",Standard processing,v1.0
CLM00248,POL940321,Motor - Own Damage,1500000,515777,452,0,Non-network,2,Yes,21,Chennai,0.3439,25,Low,No,R6|R8,"Low-risk: recent address changes; late reporting (motor/theft). A screening signal for verification, not proof of fraud.",Standard processing,v1.0
CLM00249,POL120598,Health - Hospitalisation,300000,25787,293,3,Network hospital/garage,0,Yes,7,Hyderabad,0.086,15,Low,No,R4,"Low-risk: repeat claimant. A screening signal for verification, not proof of fraud.",Standard processing,v1.0
CLM00250,POL321131,Health - Day Care,500000,113698,365,3,Non-network,0,Yes,12,Nashik,0.2274,15,Low,No,R4,"Low-risk: repeat claimant. A screening signal for verification, not proof of fraud.",Standard processing,v1.0
CLM00251,POL871527,Health - Hospitalisation,300000,102879,50,0,Network hospital/garage,2,Yes,18,Guwahati,0.3429,30,Medium,Yes,R1|R6,"Medium-risk: early-life claim; recent address changes. A screening signal for verification, not proof of fraud.",Routine verification of flagged items by a claims analyst,v1.0
CLM00252,POL645529,Motor - Own Damage,500000,54696,369,2,Network hospital/garage,1,No,9,Surat,0.1094,35,Medium,Yes,R7|R8,"Medium-risk: incomplete documents; late reporting (motor/theft). A screening signal for verification, not proof of fraud.",Routine verification of flagged items by a claims analyst,v1.0
CLM00253,POL450263,Health - Hospitalisation,500000,75262,778,0,Network hospital/garage,2,Yes,6,Jaipur,0.1505,10,Low,No,R6,"Low-risk: recent address changes. A screening signal for verification, not proof of fraud.",Standard processing,v1.0
CLM00254,POL526744,Motor - Own Damage,1000000,311201,856,0,Network hospital/garage,1,Yes,0,Surat,0.3112,0,Low,No,,No red-flag rules triggered.,Standard processing,v1.0
CLM00255,POL862262,Home - Theft,500000,44101,698,0,Network hospital/garage,0,Yes,15,Guwahati,0.0882,15,Low,No,R8,"Low-risk: late reporting (motor/theft). A screening signal for verification, not proof of fraud.",Standard processing,v1.0
CLM00256,POL178581,Motor - Own Damage,1500000,245775,860,3,Network hospital/garage,1,Yes,20,Patna,0.1638,30,Medium,Yes,R4|R8,"Medium-risk: repeat claimant; late reporting (motor/theft). A screening signal for verification, not proof of fraud.",Routine verification of flagged items by a claims analyst,v1.0
CLM00257,POL994322,Health - Hospitalisation,500000,105732,210,2,Non-network,0,Yes,3,Chandigarh,0.2115,0,Low,No,,No red-flag rules triggered.,Standard processing,v1.0
CLM00258,POL605355,Health - Hospitalisation,300000,29974,533,2,Non-network,0,Yes,5,Ahmedabad,0.0999,0,Low,No,,No red-flag rules triggered.,Standard processing,v1.0
CLM00259,POL826462,Motor - Own Damage,300000,36946,908,1,Network hospital/garage,0,Yes,7,Kochi,0.1232,15,Low,No,R8,"Low-risk: late reporting (motor/theft). A screening signal for verification, not proof of fraud.",Standard processing,v1.0
CLM00260,POL748660,Health - Hospitalisation,500000,45043,741,0,Network hospital/garage,1,Yes,17,Kochi,0.0901,0,Low,No,,No red-flag rules triggered.,Standard processing,v1.0
CLM00261,POL253706,Health - Hospitalisation,500000,139993,303,0,Network hospital/garage,2,Yes,19,Patna,0.28,10,Low,No,R6,"Low-risk: recent address changes. A screening signal for verification, not proof of fraud.",Standard processing,v1.0
CLM00262,POL758764,Health - Hospitalisation,1500000,447929,651,3,Network hospital/garage,1,Yes,28,Nagpur,0.2986,15,Low,No,R4,"Low-risk: repeat claimant. A screening signal for verification, not proof of fraud.",Standard processing,v1.0
CLM00263,POL223649,Health - Hospitalisation,500000,98802,190,3,Network hospital/garage,2,Yes,9,Jaipur,0.1976,25,Low,No,R4|R6,"Low-risk: repeat claimant; recent address changes. A screening signal for verification, not proof of fraud.",Standard processing,v1.0
CLM00264,POL989308,Health - Hospitalisation,500000,22443,251,0,Network hospital/garage,2,Yes,10,Pune,0.0449,10,Low,No,R6,"Low-risk: recent address changes. A screening signal for verification, not proof of fraud.",Standard processing,v1.0
CLM00265,POL139047,Motor - Own Damage,1500000,298698,332,0,Network hospital/garage,1,No,15,Delhi,0.1991,35,Medium,Yes,R7|R8,"Medium-risk: incomplete documents; late reporting (motor/theft). A screening signal for verification, not proof of fraud.",Routine verification of flagged items by a claims analyst,v1.0
CLM00266,POL449676,Health - Day Care,1500000,336633,473,2,Network hospital/garage,1,Yes,15,Nagpur,0.2244,0,Low,No,,No red-flag rules triggered.,Standard processing,v1.0
CLM00267,POL555455,Health - Hospitalisation,300000,47276,415,2,Network hospital/garage,0,Yes,6,Chandigarh,0.1576,0,Low,No,,No red-flag rules triggered.,Standard processing,v1.0
CLM00268,POL249288,Health - Hospitalisation,300000,103688,731,3,Network hospital/garage,0,Yes,23,Chandigarh,0.3456,15,Low,No,R4,"Low-risk: repeat claimant. A screening signal for verification, not proof of fraud.",Standard processing,v1.0
CLM00269,POL754317,Motor - Own Damage,500000,127316,787,0,Network hospital/garage,1,Yes,11,Pune,0.2546,15,Low,No,R8,"Low-risk: late reporting (motor/theft). A screening signal for verification, not proof of fraud.",Standard processing,v1.0
CLM00270,POL975689,Health - Hospitalisation,1000000,857519,31,2,Non-network,3,No,50,Mumbai,0.8575,85,High,Yes,R1|R3|R6|R7|R9|R10,"High-risk: early-life claim; high claim-to-sum-insured ratio; recent address changes; incomplete documents; late reporting (health); early claim with missing documents. A screening signal for verification, not proof of fraud.",Priority manual review by an investigator; verify flagged items before any decision,v1.0
CLM00271,POL309570,Motor - Own Damage,500000,197138,533,3,Non-network,2,Yes,5,Patna,0.3943,25,Low,No,R4|R6,"Low-risk: repeat claimant; recent address changes. A screening signal for verification, not proof of fraud.",Standard processing,v1.0
CLM00272,POL551627,Motor - Own Damage,1000000,293651,196,0,Non-network,2,Yes,19,Hyderabad,0.2937,25,Low,No,R6|R8,"Low-risk: recent address changes; late reporting (motor/theft). A screening signal for verification, not proof of fraud.",Standard processing,v1.0
CLM00273,POL989874,Motor - Theft,300000,24871,193,1,Non-network,1,Yes,24,Patna,0.0829,15,Low,No,R8,"Low-risk: late reporting (motor/theft). A screening signal for verification, not proof of fraud.",Standard processing,v1.0
CLM00274,POL771638,Health - Hospitalisation,1000000,867995,35,2,Network hospital/garage,2,Yes,44,Patna,0.868,55,Medium,Yes,R1|R3|R6|R9,"Medium-risk: early-life claim; high claim-to-sum-insured ratio; recent address changes; late reporting (health). A screening signal for verification, not proof of fraud.",Routine verification of flagged items by a claims analyst,v1.0
CLM00275,POL222764,Health - Hospitalisation,300000,89567,825,3,Network hospital/garage,1,Yes,2,Surat,0.2986,15,Low,No,R4,"Low-risk: repeat claimant. A screening signal for verification, not proof of fraud.",Standard processing,v1.0
CLM00276,POL981362,Health - Hospitalisation,300000,41007,320,3,Network hospital/garage,2,Yes,28,Bengaluru,0.1367,25,Low,No,R4|R6,"Low-risk: repeat claimant; recent address changes. A screening signal for verification, not proof of fraud.",Standard processing,v1.0
CLM00277,POL271660,Health - Hospitalisation,500000,60663,877,2,Network hospital/garage,0,Yes,25,Surat,0.1213,0,Low,No,,No red-flag rules triggered.,Standard processing,v1.0
CLM00278,POL634973,Health - Hospitalisation,500000,135387,113,1,Network hospital/garage,0,Yes,15,Surat,0.2708,0,Low,No,,No red-flag rules triggered.,Standard processing,v1.0
CLM00279,POL461516,Health - Hospitalisation,1000000,149340,999,0,Non-network,1,Yes,12,Kochi,0.1493,0,Low,No,,No red-flag rules triggered.,Standard processing,v1.0
CLM00280,POL975676,Motor - Theft,300000,62281,369,3,Network hospital/garage,1,Yes,24,Mumbai,0.2076,30,Medium,Yes,R4|R8,"Medium-risk: repeat claimant; late reporting (motor/theft). A screening signal for verification, not proof of fraud.",Routine verification of flagged items by a claims analyst,v1.0
CLM00281,POL234311,Health - Hospitalisation,1000000,313194,640,0,Non-network,0,Yes,16,Bhubaneswar,0.3132,0,Low,No,,No red-flag rules triggered.,Standard processing,v1.0
CLM00282,POL581782,Home - Theft,500000,351753,11,3,Non-network,3,No,58,Nashik,0.7035,100,High,Yes,R2|R4|R6|R7|R8|R10,"High-risk: very early claim; repeat claimant; recent address changes; incomplete documents; late reporting (motor/theft); early claim with missing documents. A screening signal for verification, not proof of fraud.",Priority manual review by an investigator; verify flagged items before any decision,v1.0
CLM00283,POL683830,Health - Day Care,300000,73504,923,2,Network hospital/garage,2,Yes,19,Kochi,0.245,10,Low,No,R6,"Low-risk: recent address changes. A screening signal for verification, not proof of fraud.",Standard processing,v1.0
CLM00284,POL765704,Motor - Own Damage,1000000,342896,531,3,Network hospital/garage,0,Yes,18,Ahmedabad,0.3429,30,Medium,Yes,R4|R8,"Medium-risk: repeat claimant; late reporting (motor/theft). A screening signal for verification, not proof of fraud.",Routine verification of flagged items by a claims analyst,v1.0
CLM00285,POL976241,Health - Hospitalisation,1500000,192239,922,2,Network hospital/garage,0,No,1,Patna,0.1282,20,Low,No,R7,"Low-risk: incomplete documents. A screening signal for verification, not proof of fraud.",Standard processing,v1.0
CLM00286,POL123632,Health - Day Care,1000000,244195,540,2,Network hospital/garage,0,Yes,8,Kolkata,0.2442,0,Low,No,,No red-flag rules triggered.,Standard processing,v1.0
CLM00287,POL965279,Health - Day Care,1000000,52530,997,0,Non-network,2,No,7,Pune,0.0525,30,Medium,Yes,R6|R7,"Medium-risk: recent address changes; incomplete documents. A screening signal for verification, not proof of fraud.",Routine verification of flagged items by a claims analyst,v1.0
CLM00288,POL432658,Motor - Theft,1500000,1111449,5,3,Network hospital/garage,3,Yes,50,Kolkata,0.741,70,High,Yes,R2|R4|R6|R8,"High-risk: very early claim; repeat claimant; recent address changes; late reporting (motor/theft). A screening signal for verification, not proof of fraud.",Priority manual review by an investigator; verify flagged items before any decision,v1.0
CLM00289,POL347405,Health - Hospitalisation,300000,234832,19,5,Non-network,3,Yes,59,Indore,0.7828,75,High,Yes,R2|R5|R6|R9,"High-risk: very early claim; very frequent claimant; recent address changes; late reporting (health). A screening signal for verification, not proof of fraud.",Priority manual review by an investigator; verify flagged items before any decision,v1.0
CLM00290,POL741059,Motor - Own Damage,300000,247985,16,3,Network hospital/garage,3,No,48,Mumbai,0.8266,100,High,Yes,R2|R3|R4|R6|R7|R8|R10,"High-risk: very early claim; high claim-to-sum-insured ratio; repeat claimant; recent address changes; incomplete documents; late reporting (motor/theft); early claim with missing documents. A screening signal for verification, not proof of fraud.",Priority manual review by an investigator; verify flagged items before any decision,v1.0
CLM00291,POL385269,Motor - Own Damage,1000000,278300,55,0,Network hospital/garage,0,Yes,13,Indore,0.2783,35,Medium,Yes,R1|R8,"Medium-risk: early-life claim; late reporting (motor/theft). A screening signal for verification, not proof of fraud.",Routine verification of flagged items by a claims analyst,v1.0
CLM00292,POL926641,Motor - Theft,300000,23351,644,3,Network hospital/garage,1,Yes,7,Hyderabad,0.0778,30,Medium,Yes,R4|R8,"Medium-risk: repeat claimant; late reporting (motor/theft). A screening signal for verification, not proof of fraud.",Routine verification of flagged items by a claims analyst,v1.0
CLM00293,POL293682,Motor - Own Damage,300000,16996,559,2,Network hospital/garage,0,Yes,29,Ahmedabad,0.0567,15,Low,No,R8,"Low-risk: late reporting (motor/theft). A screening signal for verification, not proof of fraud.",Standard processing,v1.0
CLM00294,POL589070,Health - Hospitalisation,1500000,455349,939,2,Network hospital/garage,1,Yes,16,Chandigarh,0.3036,0,Low,No,,No red-flag rules triggered.,Standard processing,v1.0
CLM00295,POL325147,Motor - Own Damage,1000000,339103,274,3,Network hospital/garage,0,Yes,20,Kochi,0.3391,30,Medium,Yes,R4|R8,"Medium-risk: repeat claimant; late reporting (motor/theft). A screening signal for verification, not proof of fraud.",Routine verification of flagged items by a claims analyst,v1.0
CLM00296,POL980546,Motor - Own Damage,1000000,480188,969,1,Network hospital/garage,2,No,25,Mumbai,0.4802,45,Medium,Yes,R6|R7|R8,"Medium-risk: recent address changes; incomplete documents; late reporting (motor/theft). A screening signal for verification, not proof of fraud.",Routine verification of flagged items by a claims analyst,v1.0
CLM00297,POL255058,Motor - Own Damage,1500000,55353,114,1,Network hospital/garage,0,Yes,8,Delhi,0.0369,15,Low,No,R8,"Low-risk: late reporting (motor/theft). A screening signal for verification, not proof of fraud.",Standard processing,v1.0
CLM00298,POL179414,Health - Day Care,1000000,93251,798,0,Network hospital/garage,1,Yes,1,Nashik,0.0933,0,Low,No,,No red-flag rules triggered.,Standard processing,v1.0
CLM00299,POL936981,Motor - Own Damage,300000,25882,864,1,Network hospital/garage,2,Yes,29,Mumbai,0.0863,25,Low,No,R6|R8,"Low-risk: recent address changes; late reporting (motor/theft). A screening signal for verification, not proof of fraud.",Standard processing,v1.0
CLM00300,POL639979,Health - Day Care,500000,222810,149,1,Network hospital/garage,2,Yes,12,Patna,0.4456,10,Low,No,R6,"Low-risk: recent address changes. A screening signal for verification, not proof of fraud.",Standard processing,v1.0
CLM00301,POL486807,Health - Hospitalisation,1500000,230794,696,2,Network hospital/garage,2,Yes,9,Hyderabad,0.1539,10,Low,No,R6,"Low-risk: recent address changes. A screening signal for verification, not proof of fraud.",Standard processing,v1.0
CLM00302,POL195728,Health - Hospitalisation,300000,83963,767,3,Network hospital/garage,1,Yes,4,Nashik,0.2799,15,Low,No,R4,"Low-risk: repeat claimant. A screening signal for verification, not proof of fraud.",Standard processing,v1.0
CLM00303,POL337722,Motor - Theft,300000,38561,97,1,Network hospital/garage,2,Yes,25,Kolkata,0.1285,25,Low,No,R6|R8,"Low-risk: recent address changes; late reporting (motor/theft). A screening signal for verification, not proof of fraud.",Standard processing,v1.0
CLM00304,POL311829,Health - Hospitalisation,500000,216471,785,3,Network hospital/garage,2,Yes,12,Lucknow,0.4329,25,Low,No,R4|R6,"Low-risk: repeat claimant; recent address changes. A screening signal for verification, not proof of fraud.",Standard processing,v1.0
CLM00305,POL260292,Health - Hospitalisation,1000000,918760,11,2,Non-network,2,No,59,Hyderabad,0.9188,95,High,Yes,R2|R3|R6|R7|R9|R10,"High-risk: very early claim; high claim-to-sum-insured ratio; recent address changes; incomplete documents; late reporting (health); early claim with missing documents. A screening signal for verification, not proof of fraud.",Priority manual review by an investigator; verify flagged items before any decision,v1.0
CLM00306,POL427409,Health - Hospitalisation,1500000,355078,571,1,Network hospital/garage,1,Yes,26,Indore,0.2367,0,Low,No,,No red-flag rules triggered.,Standard processing,v1.0
CLM00307,POL394997,Motor - Own Damage,1500000,271515,733,3,Network hospital/garage,1,Yes,29,Mumbai,0.181,30,Medium,Yes,R4|R8,"Medium-risk: repeat claimant; late reporting (motor/theft). A screening signal for verification, not proof of fraud.",Routine verification of flagged items by a claims analyst,v1.0
CLM00308,POL807231,Motor - Own Damage,500000,480079,18,5,Non-network,2,No,62,Kochi,0.9602,100,High,Yes,R2|R3|R5|R6|R7|R8|R10,"High-risk: very early claim; high claim-to-sum-insured ratio; very frequent claimant; recent address changes; incomplete documents; late reporting (motor/theft); early claim with missing documents. A screening signal for verification, not proof of fraud.",Priority manual review by an investigator; verify flagged items before any decision,v1.0
CLM00309,POL826884,Motor - Theft,1500000,240206,505,2,Network hospital/garage,0,Yes,1,Lucknow,0.1601,0,Low,No,,No red-flag rules triggered.,Standard processing,v1.0
CLM00310,POL374025,Health - Hospitalisation,500000,118925,771,3,Non-network,1,Yes,5,Patna,0.2379,15,Low,No,R4,"Low-risk: repeat claimant. A screening signal for verification, not proof of fraud.",Standard processing,v1.0
CLM00311,POL912500,Motor - Theft,300000,166974,246,3,Network hospital/garage,0,Yes,29,Pune,0.5566,30,Medium,Yes,R4|R8,"Medium-risk: repeat claimant; late reporting (motor/theft). A screening signal for verification, not proof of fraud.",Routine verification of flagged items by a claims analyst,v1.0
CLM00312,POL757000,Health - Hospitalisation,500000,26230,328,3,Non-network,1,Yes,21,Pune,0.0525,15,Low,No,R4,"Low-risk: repeat claimant. A screening signal for verification, not proof of fraud.",Standard processing,v1.0
CLM00313,POL855363,Motor - Own Damage,1500000,204896,93,0,Network hospital/garage,0,Yes,29,Indore,0.1366,15,Low,No,R8,"Low-risk: late reporting (motor/theft). A screening signal for verification, not proof of fraud.",Standard processing,v1.0
CLM00314,POL973691,Home - Theft,300000,43865,876,1,Non-network,1,Yes,21,Patna,0.1462,15,Low,No,R8,"Low-risk: late reporting (motor/theft). A screening signal for verification, not proof of fraud.",Standard processing,v1.0
CLM00315,POL467600,Motor - Own Damage,500000,118091,266,2,Non-network,0,Yes,29,Delhi,0.2362,15,Low,No,R8,"Low-risk: late reporting (motor/theft). A screening signal for verification, not proof of fraud.",Standard processing,v1.0
CLM00316,POL114808,Motor - Own Damage,500000,95514,867,3,Network hospital/garage,1,Yes,3,Bengaluru,0.191,15,Low,No,R4,"Low-risk: repeat claimant. A screening signal for verification, not proof of fraud.",Standard processing,v1.0
CLM00317,POL579157,Motor - Theft,1000000,205987,458,0,Non-network,1,Yes,28,Pune,0.206,15,Low,No,R8,"Low-risk: late reporting (motor/theft). A screening signal for verification, not proof of fraud.",Standard processing,v1.0
CLM00318,POL733724,Motor - Own Damage,1000000,167670,35,1,Non-network,1,Yes,13,Chennai,0.1677,35,Medium,Yes,R1|R8,"Medium-risk: early-life claim; late reporting (motor/theft). A screening signal for verification, not proof of fraud.",Routine verification of flagged items by a claims analyst,v1.0
CLM00319,POL540535,Motor - Own Damage,1500000,73186,920,1,Network hospital/garage,2,Yes,16,Surat,0.0488,25,Low,No,R6|R8,"Low-risk: recent address changes; late reporting (motor/theft). A screening signal for verification, not proof of fraud.",Standard processing,v1.0
CLM00320,POL441363,Home - Theft,1000000,29005,261,0,Network hospital/garage,0,No,27,Surat,0.029,35,Medium,Yes,R7|R8,"Medium-risk: incomplete documents; late reporting (motor/theft). A screening signal for verification, not proof of fraud.",Routine verification of flagged items by a claims analyst,v1.0
CLM00321,POL497278,Health - Day Care,300000,34264,577,3,Network hospital/garage,0,Yes,10,Bengaluru,0.1142,15,Low,No,R4,"Low-risk: repeat claimant. A screening signal for verification, not proof of fraud.",Standard processing,v1.0
CLM00322,POL413185,Health - Hospitalisation,300000,39947,995,2,Non-network,1,Yes,19,Nagpur,0.1332,0,Low,No,,No red-flag rules triggered.,Standard processing,v1.0
CLM00323,POL753098,Health - Hospitalisation,1000000,126910,953,1,Network hospital/garage,1,Yes,28,Kolkata,0.1269,0,Low,No,,No red-flag rules triggered.,Standard processing,v1.0
CLM00324,POL596895,Motor - Own Damage,1500000,309687,539,1,Network hospital/garage,1,Yes,14,Coimbatore,0.2065,15,Low,No,R8,"Low-risk: late reporting (motor/theft). A screening signal for verification, not proof of fraud.",Standard processing,v1.0
CLM00325,POL278142,Health - Day Care,1000000,26952,108,1,Network hospital/garage,0,Yes,25,Kochi,0.027,0,Low,No,,No red-flag rules triggered.,Standard processing,v1.0
CLM00326,POL768339,Health - Hospitalisation,300000,91059,894,2,Network hospital/garage,0,No,25,Chandigarh,0.3035,20,Low,No,R7,"Low-risk: incomplete documents. A screening signal for verification, not proof of fraud.",Standard processing,v1.0
CLM00327,POL297015,Health - Hospitalisation,1500000,413107,517,3,Network hospital/garage,0,Yes,24,Hyderabad,0.2754,15,Low,No,R4,"Low-risk: repeat claimant. A screening signal for verification, not proof of fraud.",Standard processing,v1.0
CLM00328,POL571813,Motor - Own Damage,300000,18879,932,1,Network hospital/garage,1,Yes,2,Nagpur,0.0629,0,Low,No,,No red-flag rules triggered.,Standard processing,v1.0
CLM00329,POL907020,Health - Hospitalisation,500000,58678,758,3,Network hospital/garage,0,Yes,10,Indore,0.1174,15,Low,No,R4,"Low-risk: repeat claimant. A screening signal for verification, not proof of fraud.",Standard processing,v1.0
CLM00330,POL561166,Health - Day Care,1500000,367830,8,0,Network hospital/garage,1,Yes,15,Bengaluru,0.2452,30,Medium,Yes,R2,"Medium-risk: very early claim. A screening signal for verification, not proof of fraud.",Routine verification of flagged items by a claims analyst,v1.0
CLM00331,POL869637,Home - Theft,500000,56583,309,1,Network hospital/garage,0,No,5,Nashik,0.1132,20,Low,No,R7,"Low-risk: incomplete documents. A screening signal for verification, not proof of fraud.",Standard processing,v1.0
CLM00332,POL993654,Motor - Own Damage,300000,65710,392,1,Network hospital/garage,2,Yes,25,Nagpur,0.219,25,Low,No,R6|R8,"Low-risk: recent address changes; late reporting (motor/theft). A screening signal for verification, not proof of fraud.",Standard processing,v1.0
CLM00333,POL183995,Motor - Own Damage,1000000,771712,21,5,Non-network,3,Yes,52,Delhi,0.7717,80,High,Yes,R2|R5|R6|R8,"High-risk: very early claim; very frequent claimant; recent address changes; late reporting (motor/theft). A screening signal for verification, not proof of fraud.",Priority manual review by an investigator; verify flagged items before any decision,v1.0
CLM00334,POL695122,Health - Day Care,500000,16175,606,1,Network hospital/garage,0,Yes,19,Mumbai,0.0323,0,Low,No,,No red-flag rules triggered.,Standard processing,v1.0
CLM00335,POL822147,Health - Hospitalisation,300000,45739,273,2,Network hospital/garage,2,Yes,0,Surat,0.1525,10,Low,No,R6,"Low-risk: recent address changes. A screening signal for verification, not proof of fraud.",Standard processing,v1.0
CLM00336,POL795429,Health - Day Care,300000,13771,614,1,Non-network,0,Yes,25,Mumbai,0.0459,0,Low,No,,No red-flag rules triggered.,Standard processing,v1.0
CLM00337,POL710403,Health - Day Care,500000,34690,277,3,Network hospital/garage,1,Yes,3,Bhubaneswar,0.0694,15,Low,No,R4,"Low-risk: repeat claimant. A screening signal for verification, not proof of fraud.",Standard processing,v1.0
CLM00338,POL777387,Home - Theft,500000,178115,388,1,Network hospital/garage,2,Yes,18,Jaipur,0.3562,25,Low,No,R6|R8,"Low-risk: recent address changes; late reporting (motor/theft). A screening signal for verification, not proof of fraud.",Standard processing,v1.0
CLM00339,POL536310,Health - Hospitalisation,500000,65569,355,3,Non-network,1,Yes,2,Bhubaneswar,0.1311,15,Low,No,R4,"Low-risk: repeat claimant. A screening signal for verification, not proof of fraud.",Standard processing,v1.0
CLM00340,POL651988,Motor - Own Damage,500000,23799,832,0,Network hospital/garage,2,Yes,18,Surat,0.0476,25,Low,No,R6|R8,"Low-risk: recent address changes; late reporting (motor/theft). A screening signal for verification, not proof of fraud.",Standard processing,v1.0
CLM00341,POL202409,Motor - Own Damage,300000,49947,166,0,Network hospital/garage,1,Yes,5,Indore,0.1665,0,Low,No,,No red-flag rules triggered.,Standard processing,v1.0
CLM00342,POL348262,Health - Day Care,300000,15175,727,1,Network hospital/garage,0,Yes,9,Delhi,0.0506,0,Low,No,,No red-flag rules triggered.,Standard processing,v1.0
CLM00343,POL388281,Health - Hospitalisation,1500000,25793,668,3,Network hospital/garage,1,Yes,19,Pune,0.0172,15,Low,No,R4,"Low-risk: repeat claimant. A screening signal for verification, not proof of fraud.",Standard processing,v1.0
CLM00344,POL808997,Health - Hospitalisation,1500000,202106,774,1,Network hospital/garage,1,Yes,16,Bengaluru,0.1347,0,Low,No,,No red-flag rules triggered.,Standard processing,v1.0
CLM00345,POL949242,Motor - Own Damage,300000,30006,153,2,Network hospital/garage,0,Yes,9,Indore,0.1,15,Low,No,R8,"Low-risk: late reporting (motor/theft). A screening signal for verification, not proof of fraud.",Standard processing,v1.0
CLM00346,POL626467,Health - Hospitalisation,1000000,122701,188,2,Network hospital/garage,0,Yes,10,Patna,0.1227,0,Low,No,,No red-flag rules triggered.,Standard processing,v1.0
CLM00347,POL755484,Home - Theft,300000,88950,636,0,Network hospital/garage,1,Yes,17,Bengaluru,0.2965,15,Low,No,R8,"Low-risk: late reporting (motor/theft). A screening signal for verification, not proof of fraud.",Standard processing,v1.0
CLM00348,POL231448,Motor - Own Damage,300000,275339,13,4,Non-network,3,No,55,Indore,0.9178,100,High,Yes,R2|R3|R4|R6|R7|R8|R10,"High-risk: very early claim; high claim-to-sum-insured ratio; repeat claimant; recent address changes; incomplete documents; late reporting (motor/theft); early claim with missing documents. A screening signal for verification, not proof of fraud.",Priority manual review by an investigator; verify flagged items before any decision,v1.0
CLM00349,POL758133,Health - Hospitalisation,1500000,290373,944,1,Network hospital/garage,0,Yes,20,Indore,0.1936,0,Low,No,,No red-flag rules triggered.,Standard processing,v1.0
CLM00350,POL670962,Health - Hospitalisation,500000,77510,678,0,Network hospital/garage,2,Yes,4,Chandigarh,0.155,10,Low,No,R6,"Low-risk: recent address changes. A screening signal for verification, not proof of fraud.",Standard processing,v1.0
CLM00351,POL639045,Motor - Theft,500000,138204,779,3,Network hospital/garage,1,Yes,14,Surat,0.2764,30,Medium,Yes,R4|R8,"Medium-risk: repeat claimant; late reporting (motor/theft). A screening signal for verification, not proof of fraud.",Routine verification of flagged items by a claims analyst,v1.0
CLM00352,POL940888,Health - Hospitalisation,1000000,30972,347,0,Non-network,2,Yes,28,Bengaluru,0.031,10,Low,No,R6,"Low-risk: recent address changes. A screening signal for verification, not proof of fraud.",Standard processing,v1.0
CLM00353,POL934165,Health - Hospitalisation,1500000,270044,772,2,Network hospital/garage,2,Yes,10,Coimbatore,0.18,10,Low,No,R6,"Low-risk: recent address changes. A screening signal for verification, not proof of fraud.",Standard processing,v1.0
CLM00354,POL934891,Health - Hospitalisation,500000,203464,406,2,Network hospital/garage,1,Yes,15,Indore,0.4069,0,Low,No,,No red-flag rules triggered.,Standard processing,v1.0
CLM00355,POL417450,Motor - Own Damage,500000,157573,718,3,Network hospital/garage,2,Yes,28,Chandigarh,0.3151,40,Medium,Yes,R4|R6|R8,"Medium-risk: repeat claimant; recent address changes; late reporting (motor/theft). A screening signal for verification, not proof of fraud.",Routine verification of flagged items by a claims analyst,v1.0
CLM00356,POL707264,Motor - Own Damage,1500000,169894,46,2,Network hospital/garage,2,Yes,13,Coimbatore,0.1133,45,Medium,Yes,R1|R6|R8,"Medium-risk: early-life claim; recent address changes; late reporting (motor/theft). A screening signal for verification, not proof of fraud.",Routine verification of flagged items by a claims analyst,v1.0
CLM00357,POL108396,Health - Hospitalisation,1000000,297077,999,3,Non-network,2,Yes,15,Surat,0.2971,25,Low,No,R4|R6,"Low-risk: repeat claimant; recent address changes. A screening signal for verification, not proof of fraud.",Standard processing,v1.0
CLM00358,POL149321,Health - Hospitalisation,1500000,566491,419,0,Network hospital/garage,0,Yes,3,Kolkata,0.3777,0,Low,No,,No red-flag rules triggered.,Standard processing,v1.0
CLM00359,POL251609,Home - Theft,500000,134590,710,1,Network hospital/garage,0,Yes,22,Nagpur,0.2692,15,Low,No,R8,"Low-risk: late reporting (motor/theft). A screening signal for verification, not proof of fraud.",Standard processing,v1.0
CLM00360,POL697447,Health - Hospitalisation,1000000,109809,9,3,Non-network,1,Yes,11,Mumbai,0.1098,45,Medium,Yes,R2|R4,"Medium-risk: very early claim; repeat claimant. A screening signal for verification, not proof of fraud.",Routine verification of flagged items by a claims analyst,v1.0
CLM00361,POL521460,Health - Hospitalisation,500000,66893,591,2,Network hospital/garage,1,Yes,4,Surat,0.1338,0,Low,No,,No red-flag rules triggered.,Standard processing,v1.0
CLM00362,POL869783,Motor - Own Damage,1500000,324949,70,1,Network hospital/garage,0,Yes,2,Nashik,0.2166,20,Low,No,R1,"Low-risk: early-life claim. A screening signal for verification, not proof of fraud.",Standard processing,v1.0
CLM00363,POL394548,Health - Day Care,300000,67235,365,1,Non-network,0,Yes,3,Chennai,0.2241,0,Low,No,,No red-flag rules triggered.,Standard processing,v1.0
CLM00364,POL482668,Motor - Own Damage,1500000,946819,27,4,Network hospital/garage,2,Yes,63,Delhi,0.6312,70,High,Yes,R2|R4|R6|R8,"High-risk: very early claim; repeat claimant; recent address changes; late reporting (motor/theft). A screening signal for verification, not proof of fraud.",Priority manual review by an investigator; verify flagged items before any decision,v1.0
CLM00365,POL449943,Motor - Own Damage,300000,29664,156,2,Network hospital/garage,2,Yes,22,Pune,0.0989,25,Low,No,R6|R8,"Low-risk: recent address changes; late reporting (motor/theft). A screening signal for verification, not proof of fraud.",Standard processing,v1.0
CLM00366,POL291574,Motor - Own Damage,500000,92875,401,2,Network hospital/garage,0,Yes,15,Bengaluru,0.1857,15,Low,No,R8,"Low-risk: late reporting (motor/theft). A screening signal for verification, not proof of fraud.",Standard processing,v1.0
CLM00367,POL203796,Health - Day Care,1500000,499125,244,1,Non-network,0,Yes,14,Hyderabad,0.3327,0,Low,No,,No red-flag rules triggered.,Standard processing,v1.0
CLM00368,POL356008,Motor - Theft,1000000,389450,660,1,Non-network,1,Yes,23,Chennai,0.3895,15,Low,No,R8,"Low-risk: late reporting (motor/theft). A screening signal for verification, not proof of fraud.",Standard processing,v1.0
CLM00369,POL206344,Motor - Own Damage,500000,208326,874,3,Network hospital/garage,2,No,18,Surat,0.4167,60,High,Yes,R4|R6|R7|R8,"High-risk: repeat claimant; recent address changes; incomplete documents; late reporting (motor/theft). A screening signal for verification, not proof of fraud.",Priority manual review by an investigator; verify flagged items before any decision,v1.0
CLM00370,POL259771,Home - Theft,500000,193378,555,1,Network hospital/garage,0,Yes,12,Lucknow,0.3868,15,Low,No,R8,"Low-risk: late reporting (motor/theft). A screening signal for verification, not proof of fraud.",Standard processing,v1.0
CLM00371,POL932542,Health - Hospitalisation,1000000,263012,578,1,Network hospital/garage,1,Yes,1,Surat,0.263,0,Low,No,,No red-flag rules triggered.,Standard processing,v1.0
CLM00372,POL103463,Health - Hospitalisation,1500000,360438,285,0,Non-network,1,Yes,12,Bhubaneswar,0.2403,0,Low,No,,No red-flag rules triggered.,Standard processing,v1.0
CLM00373,POL502942,Health - Hospitalisation,1000000,119578,682,3,Network hospital/garage,2,Yes,7,Indore,0.1196,25,Low,No,R4|R6,"Low-risk: repeat claimant; recent address changes. A screening signal for verification, not proof of fraud.",Standard processing,v1.0
CLM00374,POL118816,Health - Hospitalisation,1500000,96613,677,2,Non-network,1,Yes,14,Nashik,0.0644,0,Low,No,,No red-flag rules triggered.,Standard processing,v1.0
CLM00375,POL294039,Motor - Theft,1500000,370442,837,3,Network hospital/garage,1,Yes,13,Kochi,0.247,30,Medium,Yes,R4|R8,"Medium-risk: repeat claimant; late reporting (motor/theft). A screening signal for verification, not proof of fraud.",Routine verification of flagged items by a claims analyst,v1.0
CLM00376,POL215111,Motor - Theft,500000,66747,652,3,Non-network,2,Yes,20,Bengaluru,0.1335,40,Medium,Yes,R4|R6|R8,"Medium-risk: repeat claimant; recent address changes; late reporting (motor/theft). A screening signal for verification, not proof of fraud.",Routine verification of flagged items by a claims analyst,v1.0
CLM00377,POL666935,Motor - Own Damage,1500000,330834,590,3,Non-network,2,Yes,9,Indore,0.2206,40,Medium,Yes,R4|R6|R8,"Medium-risk: repeat claimant; recent address changes; late reporting (motor/theft). A screening signal for verification, not proof of fraud.",Routine verification of flagged items by a claims analyst,v1.0
CLM00378,POL492415,Motor - Own Damage,500000,24866,566,2,Non-network,1,Yes,2,Patna,0.0497,0,Low,No,,No red-flag rules triggered.,Standard processing,v1.0
CLM00379,POL103898,Health - Day Care,1000000,36478,706,3,Network hospital/garage,0,No,22,Kolkata,0.0365,35,Medium,Yes,R4|R7,"Medium-risk: repeat claimant; incomplete documents. A screening signal for verification, not proof of fraud.",Routine verification of flagged items by a claims analyst,v1.0
CLM00380,POL756205,Health - Day Care,500000,32544,806,0,Non-network,0,Yes,2,Coimbatore,0.0651,0,Low,No,,No red-flag rules triggered.,Standard processing,v1.0
CLM00381,POL117338,Home - Theft,1000000,238556,96,3,Network hospital/garage,2,Yes,2,Guwahati,0.2386,25,Low,No,R4|R6,"Low-risk: repeat claimant; recent address changes. A screening signal for verification, not proof of fraud.",Standard processing,v1.0
CLM00382,POL867040,Health - Hospitalisation,300000,284656,22,3,Network hospital/garage,3,Yes,48,Nashik,0.9489,80,High,Yes,R2|R3|R4|R6|R9,"High-risk: very early claim; high claim-to-sum-insured ratio; repeat claimant; recent address changes; late reporting (health). A screening signal for verification, not proof of fraud.",Priority manual review by an investigator; verify flagged items before any decision,v1.0
CLM00383,POL284743,Health - Hospitalisation,1500000,290613,229,0,Network hospital/garage,2,Yes,14,Mumbai,0.1937,10,Low,No,R6,"Low-risk: recent address changes. A screening signal for verification, not proof of fraud.",Standard processing,v1.0
CLM00384,POL297878,Health - Hospitalisation,1000000,79848,535,1,Non-network,1,Yes,19,Jaipur,0.0798,0,Low,No,,No red-flag rules triggered.,Standard processing,v1.0
CLM00385,POL988555,Health - Day Care,1500000,243814,694,2,Non-network,1,Yes,27,Patna,0.1625,0,Low,No,,No red-flag rules triggered.,Standard processing,v1.0
CLM00386,POL227824,Health - Hospitalisation,300000,67376,308,3,Non-network,1,Yes,3,Jaipur,0.2246,15,Low,No,R4,"Low-risk: repeat claimant. A screening signal for verification, not proof of fraud.",Standard processing,v1.0
CLM00387,POL873056,Health - Hospitalisation,300000,103100,111,2,Non-network,2,Yes,27,Surat,0.3437,10,Low,No,R6,"Low-risk: recent address changes. A screening signal for verification, not proof of fraud.",Standard processing,v1.0
CLM00388,POL427513,Motor - Own Damage,500000,60357,744,3,Non-network,1,Yes,1,Chandigarh,0.1207,15,Low,No,R4,"Low-risk: repeat claimant. A screening signal for verification, not proof of fraud.",Standard processing,v1.0
CLM00389,POL105818,Home - Theft,300000,63052,214,0,Network hospital/garage,2,No,7,Delhi,0.2102,45,Medium,Yes,R6|R7|R8,"Medium-risk: recent address changes; incomplete documents; late reporting (motor/theft). A screening signal for verification, not proof of fraud.",Routine verification of flagged items by a claims analyst,v1.0
CLM00390,POL107889,Motor - Own Damage,1500000,130447,705,3,Non-network,1,Yes,1,Kochi,0.087,15,Low,No,R4,"Low-risk: repeat claimant. A screening signal for verification, not proof of fraud.",Standard processing,v1.0
CLM00391,POL786458,Health - Day Care,300000,124138,158,0,Network hospital/garage,2,Yes,20,Pune,0.4138,10,Low,No,R6,"Low-risk: recent address changes. A screening signal for verification, not proof of fraud.",Standard processing,v1.0
CLM00392,POL139776,Motor - Own Damage,1000000,925806,33,5,Non-network,1,No,58,Chandigarh,0.9258,100,High,Yes,R1|R3|R5|R7|R8|R10,"High-risk: early-life claim; high claim-to-sum-insured ratio; very frequent claimant; incomplete documents; late reporting (motor/theft); early claim with missing documents. A screening signal for verification, not proof of fraud.",Priority manual review by an investigator; verify flagged items before any decision,v1.0
CLM00393,POL869214,Motor - Own Damage,500000,189037,93,0,Network hospital/garage,2,Yes,16,Mumbai,0.3781,25,Low,No,R6|R8,"Low-risk: recent address changes; late reporting (motor/theft). A screening signal for verification, not proof of fraud.",Standard processing,v1.0
CLM00394,POL650655,Motor - Own Damage,1500000,295051,216,0,Network hospital/garage,0,Yes,26,Lucknow,0.1967,15,Low,No,R8,"Low-risk: late reporting (motor/theft). A screening signal for verification, not proof of fraud.",Standard processing,v1.0
CLM00395,POL231706,Motor - Own Damage,500000,170080,617,1,Network hospital/garage,2,Yes,17,Jaipur,0.3402,25,Low,No,R6|R8,"Low-risk: recent address changes; late reporting (motor/theft). A screening signal for verification, not proof of fraud.",Standard processing,v1.0
CLM00396,POL884711,Health - Hospitalisation,1000000,149015,375,0,Network hospital/garage,0,Yes,8,Hyderabad,0.149,0,Low,No,,No red-flag rules triggered.,Standard processing,v1.0
CLM00397,POL127031,Health - Day Care,1000000,206876,496,0,Network hospital/garage,2,Yes,0,Patna,0.2069,10,Low,No,R6,"Low-risk: recent address changes. A screening signal for verification, not proof of fraud.",Standard processing,v1.0
CLM00398,POL886435,Home - Theft,300000,77579,793,1,Network hospital/garage,2,Yes,12,Mumbai,0.2586,25,Low,No,R6|R8,"Low-risk: recent address changes; late reporting (motor/theft). A screening signal for verification, not proof of fraud.",Standard processing,v1.0
CLM00399,POL864131,Motor - Own Damage,300000,113221,383,3,Network hospital/garage,0,Yes,27,Kolkata,0.3774,30,Medium,Yes,R4|R8,"Medium-risk: repeat claimant; late reporting (motor/theft). A screening signal for verification, not proof of fraud.",Routine verification of flagged items by a claims analyst,v1.0
CLM00400,POL994578,Health - Hospitalisation,500000,131460,912,3,Non-network,1,Yes,3,Nashik,0.2629,15,Low,No,R4,"Low-risk: repeat claimant. A screening signal for verification, not proof of fraud.",Standard processing,v1.0
CLM00401,POL494517,Motor - Own Damage,1500000,592469,530,0,Network hospital/garage,0,Yes,4,Patna,0.395,0,Low,No,,No red-flag rules triggered.,Standard processing,v1.0
CLM00402,POL633252,Health - Day Care,1000000,187582,384,0,Non-network,2,Yes,5,Surat,0.1876,10,Low,No,R6,"Low-risk: recent address changes. A screening signal for verification, not proof of fraud.",Standard processing,v1.0
CLM00403,POL665415,Health - Hospitalisation,1500000,949945,26,2,Non-network,2,No,47,Bhubaneswar,0.6333,80,High,Yes,R2|R6|R7|R9|R10,"High-risk: very early claim; recent address changes; incomplete documents; late reporting (health); early claim with missing documents. A screening signal for verification, not proof of fraud.",Priority manual review by an investigator; verify flagged items before any decision,v1.0
CLM00404,POL562751,Health - Day Care,300000,61206,224,0,Non-network,2,Yes,6,Indore,0.204,10,Low,No,R6,"Low-risk: recent address changes. A screening signal for verification, not proof of fraud.",Standard processing,v1.0
CLM00405,POL161903,Motor - Own Damage,1000000,57825,854,3,Non-network,0,Yes,12,Chennai,0.0578,30,Medium,Yes,R4|R8,"Medium-risk: repeat claimant; late reporting (motor/theft). A screening signal for verification, not proof of fraud.",Routine verification of flagged items by a claims analyst,v1.0
CLM00406,POL384074,Health - Hospitalisation,300000,57747,406,1,Network hospital/garage,2,Yes,23,Lucknow,0.1925,10,Low,No,R6,"Low-risk: recent address changes. A screening signal for verification, not proof of fraud.",Standard processing,v1.0
CLM00407,POL115235,Home - Theft,300000,9537,755,1,Network hospital/garage,2,Yes,22,Chandigarh,0.0318,25,Low,No,R6|R8,"Low-risk: recent address changes; late reporting (motor/theft). A screening signal for verification, not proof of fraud.",Standard processing,v1.0
CLM00408,POL246386,Motor - Own Damage,500000,211251,802,1,Network hospital/garage,0,Yes,11,Guwahati,0.4225,15,Low,No,R8,"Low-risk: late reporting (motor/theft). A screening signal for verification, not proof of fraud.",Standard processing,v1.0
CLM00409,POL428549,Health - Hospitalisation,300000,35363,520,3,Non-network,2,Yes,26,Bengaluru,0.1179,25,Low,No,R4|R6,"Low-risk: repeat claimant; recent address changes. A screening signal for verification, not proof of fraud.",Standard processing,v1.0
CLM00410,POL155963,Health - Day Care,1500000,441813,220,1,Network hospital/garage,1,No,11,Indore,0.2945,20,Low,No,R7,"Low-risk: incomplete documents. A screening signal for verification, not proof of fraud.",Standard processing,v1.0
CLM00411,POL847829,Health - Day Care,1000000,399603,927,2,Network hospital/garage,0,Yes,3,Kolkata,0.3996,0,Low,No,,No red-flag rules triggered.,Standard processing,v1.0
CLM00412,POL335587,Health - Day Care,500000,240099,172,3,Non-network,1,Yes,11,Kolkata,0.4802,15,Low,No,R4,"Low-risk: repeat claimant. A screening signal for verification, not proof of fraud.",Standard processing,v1.0
CLM00413,POL210535,Motor - Theft,500000,171036,622,0,Non-network,2,Yes,13,Kochi,0.3421,25,Low,No,R6|R8,"Low-risk: recent address changes; late reporting (motor/theft). A screening signal for verification, not proof of fraud.",Standard processing,v1.0
CLM00414,POL403041,Motor - Own Damage,300000,8001,786,0,Non-network,1,Yes,12,Hyderabad,0.0267,15,Low,No,R8,"Low-risk: late reporting (motor/theft). A screening signal for verification, not proof of fraud.",Standard processing,v1.0
CLM00415,POL287590,Health - Hospitalisation,1000000,167781,76,1,Non-network,1,Yes,29,Coimbatore,0.1678,20,Low,No,R1,"Low-risk: early-life claim. A screening signal for verification, not proof of fraud.",Standard processing,v1.0
CLM00416,POL932944,Health - Hospitalisation,500000,136428,141,3,Network hospital/garage,1,Yes,15,Indore,0.2729,15,Low,No,R4,"Low-risk: repeat claimant. A screening signal for verification, not proof of fraud.",Standard processing,v1.0
CLM00417,POL673799,Motor - Own Damage,1500000,360326,896,2,Network hospital/garage,0,Yes,25,Delhi,0.2402,15,Low,No,R8,"Low-risk: late reporting (motor/theft). A screening signal for verification, not proof of fraud.",Standard processing,v1.0
CLM00418,POL873022,Motor - Theft,300000,100542,8,2,Non-network,2,Yes,17,Mumbai,0.3351,55,Medium,Yes,R2|R6|R8,"Medium-risk: very early claim; recent address changes; late reporting (motor/theft). A screening signal for verification, not proof of fraud.",Routine verification of flagged items by a claims analyst,v1.0
CLM00419,POL117915,Motor - Own Damage,500000,98205,600,3,Non-network,1,Yes,29,Indore,0.1964,30,Medium,Yes,R4|R8,"Medium-risk: repeat claimant; late reporting (motor/theft). A screening signal for verification, not proof of fraud.",Routine verification of flagged items by a claims analyst,v1.0
CLM00420,POL344489,Motor - Own Damage,300000,28702,811,3,Non-network,1,Yes,25,Lucknow,0.0957,30,Medium,Yes,R4|R8,"Medium-risk: repeat claimant; late reporting (motor/theft). A screening signal for verification, not proof of fraud.",Routine verification of flagged items by a claims analyst,v1.0
CLM00421,POL316968,Motor - Own Damage,300000,54306,729,1,Network hospital/garage,1,Yes,29,Nashik,0.181,15,Low,No,R8,"Low-risk: late reporting (motor/theft). A screening signal for verification, not proof of fraud.",Standard processing,v1.0
CLM00422,POL794086,Motor - Own Damage,1000000,78163,824,3,Non-network,2,No,0,Nashik,0.0782,45,Medium,Yes,R4|R6|R7,"Medium-risk: repeat claimant; recent address changes; incomplete documents. A screening signal for verification, not proof of fraud.",Routine verification of flagged items by a claims analyst,v1.0
CLM00423,POL597828,Motor - Own Damage,300000,210125,22,3,Non-network,2,Yes,47,Coimbatore,0.7004,70,High,Yes,R2|R4|R6|R8,"High-risk: very early claim; repeat claimant; recent address changes; late reporting (motor/theft). A screening signal for verification, not proof of fraud.",Priority manual review by an investigator; verify flagged items before any decision,v1.0
CLM00424,POL568318,Motor - Own Damage,1500000,304282,961,1,Network hospital/garage,0,No,10,Nagpur,0.2029,35,Medium,Yes,R7|R8,"Medium-risk: incomplete documents; late reporting (motor/theft). A screening signal for verification, not proof of fraud.",Routine verification of flagged items by a claims analyst,v1.0
CLM00425,POL480124,Motor - Own Damage,300000,30305,997,2,Network hospital/garage,2,Yes,21,Chennai,0.101,25,Low,No,R6|R8,"Low-risk: recent address changes; late reporting (motor/theft). A screening signal for verification, not proof of fraud.",Standard processing,v1.0
CLM00426,POL568550,Health - Day Care,1000000,143653,621,3,Non-network,1,Yes,2,Lucknow,0.1437,15,Low,No,R4,"Low-risk: repeat claimant. A screening signal for verification, not proof of fraud.",Standard processing,v1.0
CLM00427,POL597534,Health - Hospitalisation,1500000,488417,888,1,Network hospital/garage,1,Yes,14,Coimbatore,0.3256,0,Low,No,,No red-flag rules triggered.,Standard processing,v1.0
CLM00428,POL958216,Motor - Own Damage,500000,142745,696,2,Network hospital/garage,1,Yes,27,Indore,0.2855,15,Low,No,R8,"Low-risk: late reporting (motor/theft). A screening signal for verification, not proof of fraud.",Standard processing,v1.0
CLM00429,POL397221,Health - Hospitalisation,300000,106745,466,0,Network hospital/garage,0,Yes,24,Mumbai,0.3558,0,Low,No,,No red-flag rules triggered.,Standard processing,v1.0
CLM00430,POL779234,Health - Hospitalisation,1500000,105905,963,0,Non-network,0,Yes,16,Ahmedabad,0.0706,0,Low,No,,No red-flag rules triggered.,Standard processing,v1.0
CLM00431,POL133559,Health - Hospitalisation,300000,74251,945,3,Network hospital/garage,1,Yes,28,Mumbai,0.2475,15,Low,No,R4,"Low-risk: repeat claimant. A screening signal for verification, not proof of fraud.",Standard processing,v1.0
CLM00432,POL353247,Health - Hospitalisation,1500000,184023,330,0,Non-network,2,Yes,19,Bhubaneswar,0.1227,10,Low,No,R6,"Low-risk: recent address changes. A screening signal for verification, not proof of fraud.",Standard processing,v1.0
CLM00433,POL773201,Health - Hospitalisation,300000,221261,969,3,Network hospital/garage,0,Yes,18,Bhubaneswar,0.7375,15,Low,No,R4,"Low-risk: repeat claimant. A screening signal for verification, not proof of fraud.",Standard processing,v1.0
CLM00434,POL515644,Home - Theft,1500000,228991,690,2,Network hospital/garage,0,Yes,24,Surat,0.1527,15,Low,No,R8,"Low-risk: late reporting (motor/theft). A screening signal for verification, not proof of fraud.",Standard processing,v1.0
CLM00435,POL958948,Health - Day Care,500000,67856,297,0,Network hospital/garage,1,Yes,18,Delhi,0.1357,0,Low,No,,No red-flag rules triggered.,Standard processing,v1.0
CLM00436,POL201065,Motor - Own Damage,300000,112502,643,3,Non-network,2,Yes,20,Indore,0.375,40,Medium,Yes,R4|R6|R8,"Medium-risk: repeat claimant; recent address changes; late reporting (motor/theft). A screening signal for verification, not proof of fraud.",Routine verification of flagged items by a claims analyst,v1.0
CLM00437,POL632917,Home - Theft,1500000,318624,495,3,Network hospital/garage,1,Yes,15,Jaipur,0.2124,30,Medium,Yes,R4|R8,"Medium-risk: repeat claimant; late reporting (motor/theft). A screening signal for verification, not proof of fraud.",Routine verification of flagged items by a claims analyst,v1.0
CLM00438,POL927316,Motor - Theft,1000000,207423,806,1,Network hospital/garage,2,Yes,25,Kochi,0.2074,25,Low,No,R6|R8,"Low-risk: recent address changes; late reporting (motor/theft). A screening signal for verification, not proof of fraud.",Standard processing,v1.0
CLM00439,POL808874,Motor - Own Damage,500000,19509,895,0,Network hospital/garage,2,Yes,13,Bhubaneswar,0.039,25,Low,No,R6|R8,"Low-risk: recent address changes; late reporting (motor/theft). A screening signal for verification, not proof of fraud.",Standard processing,v1.0
CLM00440,POL146479,Health - Hospitalisation,300000,118705,682,0,Network hospital/garage,0,Yes,3,Bengaluru,0.3957,0,Low,No,,No red-flag rules triggered.,Standard processing,v1.0
CLM00441,POL445158,Health - Hospitalisation,1000000,380774,488,1,Non-network,2,No,24,Kochi,0.3808,30,Medium,Yes,R6|R7,"Medium-risk: recent address changes; incomplete documents. A screening signal for verification, not proof of fraud.",Routine verification of flagged items by a claims analyst,v1.0
CLM00442,POL650846,Motor - Own Damage,1500000,263711,961,2,Network hospital/garage,2,No,4,Coimbatore,0.1758,30,Medium,Yes,R6|R7,"Medium-risk: recent address changes; incomplete documents. A screening signal for verification, not proof of fraud.",Routine verification of flagged items by a claims analyst,v1.0
CLM00443,POL373873,Motor - Own Damage,1000000,95092,357,2,Network hospital/garage,2,Yes,19,Kolkata,0.0951,25,Low,No,R6|R8,"Low-risk: recent address changes; late reporting (motor/theft). A screening signal for verification, not proof of fraud.",Standard processing,v1.0
CLM00444,POL365374,Health - Hospitalisation,500000,143759,693,2,Network hospital/garage,1,Yes,5,Pune,0.2875,0,Low,No,,No red-flag rules triggered.,Standard processing,v1.0
CLM00445,POL730005,Health - Day Care,1500000,156392,782,0,Network hospital/garage,0,Yes,12,Lucknow,0.1043,0,Low,No,,No red-flag rules triggered.,Standard processing,v1.0
CLM00446,POL429260,Motor - Own Damage,300000,30554,294,1,Network hospital/garage,0,Yes,14,Chandigarh,0.1018,15,Low,No,R8,"Low-risk: late reporting (motor/theft). A screening signal for verification, not proof of fraud.",Standard processing,v1.0
CLM00447,POL193307,Home - Theft,1500000,450422,177,0,Network hospital/garage,2,Yes,4,Lucknow,0.3003,10,Low,No,R6,"Low-risk: recent address changes. A screening signal for verification, not proof of fraud.",Standard processing,v1.0
CLM00448,POL167158,Motor - Own Damage,1500000,19272,790,2,Network hospital/garage,1,Yes,29,Lucknow,0.0128,15,Low,No,R8,"Low-risk: late reporting (motor/theft). A screening signal for verification, not proof of fraud.",Standard processing,v1.0
CLM00449,POL776829,Motor - Theft,1000000,243561,527,3,Network hospital/garage,0,Yes,22,Patna,0.2436,30,Medium,Yes,R4|R8,"Medium-risk: repeat claimant; late reporting (motor/theft). A screening signal for verification, not proof of fraud.",Routine verification of flagged items by a claims analyst,v1.0
CLM00450,POL158753,Health - Hospitalisation,1000000,255234,837,0,Non-network,1,Yes,2,Kochi,0.2552,0,Low,No,,No red-flag rules triggered.,Standard processing,v1.0
CLM00451,POL915803,Motor - Own Damage,500000,194799,425,1,Network hospital/garage,2,Yes,11,Kochi,0.3896,25,Low,No,R6|R8,"Low-risk: recent address changes; late reporting (motor/theft). A screening signal for verification, not proof of fraud.",Standard processing,v1.0
CLM00452,POL372724,Motor - Own Damage,1000000,198111,980,3,Network hospital/garage,0,Yes,17,Bhubaneswar,0.1981,30,Medium,Yes,R4|R8,"Medium-risk: repeat claimant; late reporting (motor/theft). A screening signal for verification, not proof of fraud.",Routine verification of flagged items by a claims analyst,v1.0
CLM00453,POL583161,Health - Hospitalisation,1000000,99377,228,3,Network hospital/garage,2,Yes,9,Kolkata,0.0994,25,Low,No,R4|R6,"Low-risk: repeat claimant; recent address changes. A screening signal for verification, not proof of fraud.",Standard processing,v1.0
CLM00454,POL518984,Health - Day Care,300000,103565,41,2,Non-network,2,Yes,23,Kochi,0.3452,30,Medium,Yes,R1|R6,"Medium-risk: early-life claim; recent address changes. A screening signal for verification, not proof of fraud.",Routine verification of flagged items by a claims analyst,v1.0
CLM00455,POL231074,Motor - Own Damage,500000,184767,813,2,Network hospital/garage,0,Yes,10,Chennai,0.3695,15,Low,No,R8,"Low-risk: late reporting (motor/theft). A screening signal for verification, not proof of fraud.",Standard processing,v1.0
CLM00456,POL354160,Motor - Own Damage,300000,88036,694,2,Non-network,1,Yes,17,Nashik,0.2935,15,Low,No,R8,"Low-risk: late reporting (motor/theft). A screening signal for verification, not proof of fraud.",Standard processing,v1.0
CLM00457,POL897207,Health - Day Care,1500000,266664,446,1,Non-network,2,Yes,11,Hyderabad,0.1778,10,Low,No,R6,"Low-risk: recent address changes. A screening signal for verification, not proof of fraud.",Standard processing,v1.0
CLM00458,POL901689,Health - Hospitalisation,500000,143089,491,3,Network hospital/garage,1,Yes,5,Hyderabad,0.2862,15,Low,No,R4,"Low-risk: repeat claimant. A screening signal for verification, not proof of fraud.",Standard processing,v1.0
CLM00459,POL734120,Health - Day Care,500000,74299,734,2,Network hospital/garage,1,Yes,18,Nagpur,0.1486,0,Low,No,,No red-flag rules triggered.,Standard processing,v1.0
CLM00460,POL335113,Motor - Own Damage,1500000,454371,28,1,Network hospital/garage,0,Yes,15,Chennai,0.3029,45,Medium,Yes,R2|R8,"Medium-risk: very early claim; late reporting (motor/theft). A screening signal for verification, not proof of fraud.",Routine verification of flagged items by a claims analyst,v1.0
CLM00461,POL525247,Health - Hospitalisation,500000,82999,15,2,Network hospital/garage,1,No,18,Nagpur,0.166,60,High,Yes,R2|R7|R10,"High-risk: very early claim; incomplete documents; early claim with missing documents. A screening signal for verification, not proof of fraud.",Priority manual review by an investigator; verify flagged items before any decision,v1.0
CLM00462,POL120523,Health - Day Care,300000,96060,493,2,Network hospital/garage,0,Yes,6,Patna,0.3202,0,Low,No,,No red-flag rules triggered.,Standard processing,v1.0
CLM00463,POL682743,Home - Theft,1000000,204235,88,1,Network hospital/garage,2,Yes,16,Delhi,0.2042,45,Medium,Yes,R1|R6|R8,"Medium-risk: early-life claim; recent address changes; late reporting (motor/theft). A screening signal for verification, not proof of fraud.",Routine verification of flagged items by a claims analyst,v1.0
CLM00464,POL480364,Motor - Theft,500000,52716,258,0,Network hospital/garage,2,Yes,20,Surat,0.1054,25,Low,No,R6|R8,"Low-risk: recent address changes; late reporting (motor/theft). A screening signal for verification, not proof of fraud.",Standard processing,v1.0
CLM00465,POL281866,Health - Hospitalisation,300000,26602,324,2,Non-network,2,Yes,25,Jaipur,0.0887,10,Low,No,R6,"Low-risk: recent address changes. A screening signal for verification, not proof of fraud.",Standard processing,v1.0
CLM00466,POL544687,Health - Hospitalisation,500000,51852,294,2,Network hospital/garage,0,Yes,4,Chennai,0.1037,0,Low,No,,No red-flag rules triggered.,Standard processing,v1.0
CLM00467,POL540249,Motor - Theft,1000000,400001,533,1,Network hospital/garage,0,Yes,1,Ahmedabad,0.4,0,Low,No,,No red-flag rules triggered.,Standard processing,v1.0
CLM00468,POL977516,Health - Day Care,500000,389423,37,4,Non-network,3,No,64,Patna,0.7788,85,High,Yes,R1|R4|R6|R7|R9|R10,"High-risk: early-life claim; repeat claimant; recent address changes; incomplete documents; late reporting (health); early claim with missing documents. A screening signal for verification, not proof of fraud.",Priority manual review by an investigator; verify flagged items before any decision,v1.0
CLM00469,POL395651,Health - Hospitalisation,300000,8823,279,2,Network hospital/garage,0,Yes,28,Jaipur,0.0294,0,Low,No,,No red-flag rules triggered.,Standard processing,v1.0
CLM00470,POL787968,Health - Hospitalisation,300000,72029,637,1,Network hospital/garage,1,Yes,7,Bhubaneswar,0.2401,0,Low,No,,No red-flag rules triggered.,Standard processing,v1.0
CLM00471,POL367441,Health - Hospitalisation,300000,63575,668,3,Non-network,1,Yes,19,Bhubaneswar,0.2119,15,Low,No,R4,"Low-risk: repeat claimant. A screening signal for verification, not proof of fraud.",Standard processing,v1.0
CLM00472,POL469680,Motor - Own Damage,1000000,165943,886,0,Network hospital/garage,2,Yes,5,Pune,0.1659,10,Low,No,R6,"Low-risk: recent address changes. A screening signal for verification, not proof of fraud.",Standard processing,v1.0
CLM00473,POL993166,Home - Theft,500000,141731,121,3,Network hospital/garage,1,Yes,10,Delhi,0.2835,30,Medium,Yes,R4|R8,"Medium-risk: repeat claimant; late reporting (motor/theft). A screening signal for verification, not proof of fraud.",Routine verification of flagged items by a claims analyst,v1.0
CLM00474,POL710790,Health - Day Care,500000,157650,663,0,Network hospital/garage,1,No,0,Chennai,0.3153,20,Low,No,R7,"Low-risk: incomplete documents. A screening signal for verification, not proof of fraud.",Standard processing,v1.0
CLM00475,POL353009,Motor - Own Damage,1000000,914459,33,4,Non-network,2,Yes,56,Kolkata,0.9145,75,High,Yes,R1|R3|R4|R6|R8,"High-risk: early-life claim; high claim-to-sum-insured ratio; repeat claimant; recent address changes; late reporting (motor/theft). A screening signal for verification, not proof of fraud.",Priority manual review by an investigator; verify flagged items before any decision,v1.0
CLM00476,POL167696,Motor - Theft,500000,144237,924,0,Network hospital/garage,0,Yes,4,Coimbatore,0.2885,0,Low,No,,No red-flag rules triggered.,Standard processing,v1.0
CLM00477,POL601840,Motor - Theft,500000,344513,3,5,Non-network,1,No,43,Nagpur,0.689,100,High,Yes,R2|R5|R7|R8|R10,"High-risk: very early claim; very frequent claimant; incomplete documents; late reporting (motor/theft); early claim with missing documents. A screening signal for verification, not proof of fraud.",Priority manual review by an investigator; verify flagged items before any decision,v1.0
CLM00478,POL922185,Health - Day Care,1000000,116712,269,0,Non-network,1,Yes,18,Kochi,0.1167,0,Low,No,,No red-flag rules triggered.,Standard processing,v1.0
CLM00479,POL881670,Motor - Own Damage,1500000,314982,232,2,Network hospital/garage,2,Yes,12,Chennai,0.21,25,Low,No,R6|R8,"Low-risk: recent address changes; late reporting (motor/theft). A screening signal for verification, not proof of fraud.",Standard processing,v1.0
CLM00480,POL801231,Health - Hospitalisation,500000,133140,77,0,Network hospital/garage,0,Yes,6,Guwahati,0.2663,20,Low,No,R1,"Low-risk: early-life claim. A screening signal for verification, not proof of fraud.",Standard processing,v1.0
CLM00481,POL771581,Health - Hospitalisation,1000000,207205,478,0,Non-network,2,Yes,27,Indore,0.2072,10,Low,No,R6,"Low-risk: recent address changes. A screening signal for verification, not proof of fraud.",Standard processing,v1.0
CLM00482,POL530233,Health - Hospitalisation,1000000,131538,819,3,Network hospital/garage,0,No,11,Patna,0.1315,35,Medium,Yes,R4|R7,"Medium-risk: repeat claimant; incomplete documents. A screening signal for verification, not proof of fraud.",Routine verification of flagged items by a claims analyst,v1.0
CLM00483,POL292894,Motor - Own Damage,1500000,311512,785,1,Network hospital/garage,2,Yes,15,Indore,0.2077,25,Low,No,R6|R8,"Low-risk: recent address changes; late reporting (motor/theft). A screening signal for verification, not proof of fraud.",Standard processing,v1.0
CLM00484,POL819531,Home - Theft,500000,39289,274,0,Network hospital/garage,0,Yes,0,Mumbai,0.0786,0,Low,No,,No red-flag rules triggered.,Standard processing,v1.0
CLM00485,POL961095,Health - Hospitalisation,300000,254038,18,2,Non-network,1,Yes,60,Jaipur,0.8468,55,Medium,Yes,R2|R3|R9,"Medium-risk: very early claim; high claim-to-sum-insured ratio; late reporting (health). A screening signal for verification, not proof of fraud.",Routine verification of flagged items by a claims analyst,v1.0
CLM00486,POL793390,Motor - Own Damage,500000,217963,461,0,Network hospital/garage,0,Yes,28,Indore,0.4359,15,Low,No,R8,"Low-risk: late reporting (motor/theft). A screening signal for verification, not proof of fraud.",Standard processing,v1.0
CLM00487,POL980900,Motor - Own Damage,500000,266898,658,0,Non-network,0,Yes,17,Indore,0.5338,15,Low,No,R8,"Low-risk: late reporting (motor/theft). A screening signal for verification, not proof of fraud.",Standard processing,v1.0
CLM00488,POL858674,Motor - Own Damage,1500000,416767,604,3,Non-network,0,Yes,0,Indore,0.2778,15,Low,No,R4,"Low-risk: repeat claimant. A screening signal for verification, not proof of fraud.",Standard processing,v1.0
CLM00489,POL490268,Motor - Own Damage,500000,88496,5,0,Network hospital/garage,0,Yes,14,Jaipur,0.177,45,Medium,Yes,R2|R8,"Medium-risk: very early claim; late reporting (motor/theft). A screening signal for verification, not proof of fraud.",Routine verification of flagged items by a claims analyst,v1.0
CLM00490,POL804083,Health - Hospitalisation,300000,75820,126,2,Network hospital/garage,0,Yes,8,Nagpur,0.2527,0,Low,No,,No red-flag rules triggered.,Standard processing,v1.0
CLM00491,POL786526,Home - Theft,1500000,244712,466,2,Non-network,1,Yes,17,Pune,0.1631,15,Low,No,R8,"Low-risk: late reporting (motor/theft). A screening signal for verification, not proof of fraud.",Standard processing,v1.0
CLM00492,POL157247,Health - Hospitalisation,1000000,449016,496,3,Non-network,1,Yes,19,Guwahati,0.449,15,Low,No,R4,"Low-risk: repeat claimant. A screening signal for verification, not proof of fraud.",Standard processing,v1.0
CLM00493,POL304867,Home - Theft,300000,226422,25,4,Non-network,1,No,43,Lucknow,0.7547,90,High,Yes,R2|R4|R7|R8|R10,"High-risk: very early claim; repeat claimant; incomplete documents; late reporting (motor/theft); early claim with missing documents. A screening signal for verification, not proof of fraud.",Priority manual review by an investigator; verify flagged items before any decision,v1.0
CLM00494,POL339817,Health - Hospitalisation,1500000,390238,70,2,Network hospital/garage,0,Yes,19,Chennai,0.2602,20,Low,No,R1,"Low-risk: early-life claim. A screening signal for verification, not proof of fraud.",Standard processing,v1.0
CLM00495,POL796966,Health - Day Care,500000,75511,860,3,Network hospital/garage,1,Yes,22,Coimbatore,0.151,15,Low,No,R4,"Low-risk: repeat claimant. A screening signal for verification, not proof of fraud.",Standard processing,v1.0
CLM00496,POL780950,Health - Day Care,500000,183865,93,2,Network hospital/garage,2,Yes,15,Lucknow,0.3677,10,Low,No,R6,"Low-risk: recent address changes. A screening signal for verification, not proof of fraud.",Standard processing,v1.0
CLM00497,POL320167,Health - Day Care,300000,74723,802,1,Non-network,0,Yes,15,Chennai,0.2491,0,Low,No,,No red-flag rules triggered.,Standard processing,v1.0
CLM00498,POL250666,Motor - Own Damage,500000,413600,13,2,Non-network,3,Yes,41,Mumbai,0.8272,70,High,Yes,R2|R3|R6|R8,"High-risk: very early claim; high claim-to-sum-insured ratio; recent address changes; late reporting (motor/theft). A screening signal for verification, not proof of fraud.",Priority manual review by an investigator; verify flagged items before any decision,v1.0
CLM00499,POL229126,Motor - Own Damage,300000,37708,760,2,Network hospital/garage,2,Yes,12,Ahmedabad,0.1257,25,Low,No,R6|R8,"Low-risk: recent address changes; late reporting (motor/theft). A screening signal for verification, not proof of fraud.",Standard processing,v1.0
CLM00500,POL492085,Motor - Theft,300000,22067,714,3,Network hospital/garage,0,Yes,26,Hyderabad,0.0736,30,Medium,Yes,R4|R8,"Medium-risk: repeat claimant; late reporting (motor/theft). A screening signal for verification, not proof of fraud.",Routine verification of flagged items by a claims analyst,v1.0
CLM00501,POL103509,Motor - Own Damage,300000,55967,525,0,Network hospital/garage,0,No,14,Mumbai,0.1866,35,Medium,Yes,R7|R8,"Medium-risk: incomplete documents; late reporting (motor/theft). A screening signal for verification, not proof of fraud.",Routine verification of flagged items by a claims analyst,v1.0
CLM00502,POL751879,Health - Hospitalisation,500000,127057,531,1,Network hospital/garage,0,Yes,2,Hyderabad,0.2541,0,Low,No,,No red-flag rules triggered.,Standard processing,v1.0
CLM00503,POL502543,Health - Hospitalisation,1000000,84888,172,3,Network hospital/garage,1,Yes,27,Guwahati,0.0849,15,Low,No,R4,"Low-risk: repeat claimant. A screening signal for verification, not proof of fraud.",Standard processing,v1.0
CLM00504,POL263790,Motor - Own Damage,500000,40124,266,1,Network hospital/garage,1,Yes,22,Chandigarh,0.0802,15,Low,No,R8,"Low-risk: late reporting (motor/theft). A screening signal for verification, not proof of fraud.",Standard processing,v1.0
CLM00505,POL809637,Health - Hospitalisation,500000,163634,959,1,Network hospital/garage,0,Yes,6,Indore,0.3273,0,Low,No,,No red-flag rules triggered.,Standard processing,v1.0
CLM00506,POL638668,Health - Hospitalisation,300000,86398,608,0,Non-network,2,Yes,27,Chennai,0.288,10,Low,No,R6,"Low-risk: recent address changes. A screening signal for verification, not proof of fraud.",Standard processing,v1.0
CLM00507,POL560045,Motor - Theft,1500000,70745,690,1,Non-network,0,Yes,27,Delhi,0.0472,15,Low,No,R8,"Low-risk: late reporting (motor/theft). A screening signal for verification, not proof of fraud.",Standard processing,v1.0
CLM00508,POL250172,Health - Hospitalisation,300000,75843,576,2,Network hospital/garage,2,Yes,7,Ahmedabad,0.2528,10,Low,No,R6,"Low-risk: recent address changes. A screening signal for verification, not proof of fraud.",Standard processing,v1.0
CLM00509,POL705144,Motor - Own Damage,1000000,502133,962,2,Network hospital/garage,0,No,8,Ahmedabad,0.5021,35,Medium,Yes,R7|R8,"Medium-risk: incomplete documents; late reporting (motor/theft). A screening signal for verification, not proof of fraud.",Routine verification of flagged items by a claims analyst,v1.0
CLM00510,POL997743,Motor - Theft,300000,81590,104,1,Network hospital/garage,0,Yes,21,Nagpur,0.272,15,Low,No,R8,"Low-risk: late reporting (motor/theft). A screening signal for verification, not proof of fraud.",Standard processing,v1.0
CLM00511,POL407950,Motor - Own Damage,1000000,277582,496,2,Network hospital/garage,0,Yes,8,Kochi,0.2776,15,Low,No,R8,"Low-risk: late reporting (motor/theft). A screening signal for verification, not proof of fraud.",Standard processing,v1.0
CLM00512,POL283930,Health - Hospitalisation,500000,105793,882,1,Non-network,2,Yes,24,Bengaluru,0.2116,10,Low,No,R6,"Low-risk: recent address changes. A screening signal for verification, not proof of fraud.",Standard processing,v1.0
CLM00513,POL122398,Motor - Theft,1000000,104805,805,2,Network hospital/garage,0,Yes,2,Bengaluru,0.1048,0,Low,No,,No red-flag rules triggered.,Standard processing,v1.0
CLM00514,POL202795,Motor - Own Damage,300000,47846,542,0,Network hospital/garage,2,Yes,29,Mumbai,0.1595,25,Low,No,R6|R8,"Low-risk: recent address changes; late reporting (motor/theft). A screening signal for verification, not proof of fraud.",Standard processing,v1.0
CLM00515,POL390939,Health - Hospitalisation,300000,43240,435,1,Network hospital/garage,2,Yes,27,Guwahati,0.1441,10,Low,No,R6,"Low-risk: recent address changes. A screening signal for verification, not proof of fraud.",Standard processing,v1.0
CLM00516,POL149553,Health - Hospitalisation,500000,167764,344,1,Network hospital/garage,0,Yes,5,Jaipur,0.3355,0,Low,No,,No red-flag rules triggered.,Standard processing,v1.0
CLM00517,POL976768,Motor - Own Damage,1500000,195178,175,1,Non-network,1,Yes,6,Pune,0.1301,0,Low,No,,No red-flag rules triggered.,Standard processing,v1.0
CLM00518,POL932618,Motor - Own Damage,1500000,138416,73,0,Network hospital/garage,0,Yes,9,Chennai,0.0923,35,Medium,Yes,R1|R8,"Medium-risk: early-life claim; late reporting (motor/theft). A screening signal for verification, not proof of fraud.",Routine verification of flagged items by a claims analyst,v1.0
CLM00519,POL815321,Motor - Own Damage,500000,42751,568,2,Non-network,1,Yes,9,Mumbai,0.0855,15,Low,No,R8,"Low-risk: late reporting (motor/theft). A screening signal for verification, not proof of fraud.",Standard processing,v1.0
CLM00520,POL763795,Home - Theft,1000000,442652,589,3,Network hospital/garage,2,Yes,21,Kochi,0.4427,40,Medium,Yes,R4|R6|R8,"Medium-risk: repeat claimant; recent address changes; late reporting (motor/theft). A screening signal for verification, not proof of fraud.",Routine verification of flagged items by a claims analyst,v1.0
CLM00521,POL514009,Health - Hospitalisation,300000,186044,17,5,Network hospital/garage,1,Yes,53,Kochi,0.6201,65,High,Yes,R2|R5|R9,"High-risk: very early claim; very frequent claimant; late reporting (health). A screening signal for verification, not proof of fraud.",Priority manual review by an investigator; verify flagged items before any decision,v1.0
CLM00522,POL462139,Motor - Own Damage,300000,24900,450,1,Network hospital/garage,2,Yes,13,Bhubaneswar,0.083,25,Low,No,R6|R8,"Low-risk: recent address changes; late reporting (motor/theft). A screening signal for verification, not proof of fraud.",Standard processing,v1.0
CLM00523,POL305072,Health - Hospitalisation,300000,67785,692,2,Network hospital/garage,2,Yes,8,Chandigarh,0.226,10,Low,No,R6,"Low-risk: recent address changes. A screening signal for verification, not proof of fraud.",Standard processing,v1.0
CLM00524,POL369143,Health - Hospitalisation,1500000,170855,383,0,Non-network,1,Yes,28,Indore,0.1139,0,Low,No,,No red-flag rules triggered.,Standard processing,v1.0
CLM00525,POL785557,Health - Hospitalisation,300000,133506,874,0,Network hospital/garage,2,Yes,23,Chandigarh,0.445,10,Low,No,R6,"Low-risk: recent address changes. A screening signal for verification, not proof of fraud.",Standard processing,v1.0
CLM00526,POL981865,Motor - Own Damage,1500000,273091,125,0,Non-network,1,Yes,26,Nashik,0.1821,15,Low,No,R8,"Low-risk: late reporting (motor/theft). A screening signal for verification, not proof of fraud.",Standard processing,v1.0
CLM00527,POL207208,Motor - Own Damage,500000,125887,246,2,Network hospital/garage,2,Yes,18,Patna,0.2518,25,Low,No,R6|R8,"Low-risk: recent address changes; late reporting (motor/theft). A screening signal for verification, not proof of fraud.",Standard processing,v1.0
CLM00528,POL475571,Health - Hospitalisation,1000000,69708,247,1,Non-network,2,Yes,1,Pune,0.0697,10,Low,No,R6,"Low-risk: recent address changes. A screening signal for verification, not proof of fraud.",Standard processing,v1.0
CLM00529,POL865653,Motor - Own Damage,1500000,655754,682,1,Network hospital/garage,0,Yes,20,Mumbai,0.4372,15,Low,No,R8,"Low-risk: late reporting (motor/theft). A screening signal for verification, not proof of fraud.",Standard processing,v1.0
CLM00530,POL168575,Health - Hospitalisation,1000000,975575,17,3,Non-network,1,No,65,Mumbai,0.9756,100,High,Yes,R2|R3|R4|R7|R9|R10,"High-risk: very early claim; high claim-to-sum-insured ratio; repeat claimant; incomplete documents; late reporting (health); early claim with missing documents. A screening signal for verification, not proof of fraud.",Priority manual review by an investigator; verify flagged items before any decision,v1.0
CLM00531,POL927600,Health - Hospitalisation,1000000,252592,441,3,Network hospital/garage,1,Yes,3,Kolkata,0.2526,15,Low,No,R4,"Low-risk: repeat claimant. A screening signal for verification, not proof of fraud.",Standard processing,v1.0
CLM00532,POL372779,Health - Hospitalisation,1500000,243215,207,0,Network hospital/garage,1,Yes,23,Mumbai,0.1621,0,Low,No,,No red-flag rules triggered.,Standard processing,v1.0
CLM00533,POL713105,Health - Hospitalisation,1000000,104499,433,1,Network hospital/garage,0,Yes,13,Surat,0.1045,0,Low,No,,No red-flag rules triggered.,Standard processing,v1.0
CLM00534,POL132152,Motor - Theft,1500000,120785,871,2,Network hospital/garage,1,Yes,4,Lucknow,0.0805,0,Low,No,,No red-flag rules triggered.,Standard processing,v1.0
CLM00535,POL211265,Health - Hospitalisation,1000000,94551,970,1,Network hospital/garage,2,Yes,7,Surat,0.0946,10,Low,No,R6,"Low-risk: recent address changes. A screening signal for verification, not proof of fraud.",Standard processing,v1.0
CLM00536,POL546055,Motor - Theft,500000,452291,20,3,Non-network,3,No,67,Bhubaneswar,0.9046,100,High,Yes,R2|R3|R4|R6|R7|R8|R10,"High-risk: very early claim; high claim-to-sum-insured ratio; repeat claimant; recent address changes; incomplete documents; late reporting (motor/theft); early claim with missing documents. A screening signal for verification, not proof of fraud.",Priority manual review by an investigator; verify flagged items before any decision,v1.0
CLM00537,POL574179,Motor - Own Damage,1000000,193998,824,0,Non-network,2,No,29,Bengaluru,0.194,45,Medium,Yes,R6|R7|R8,"Medium-risk: recent address changes; incomplete documents; late reporting (motor/theft). A screening signal for verification, not proof of fraud.",Routine verification of flagged items by a claims analyst,v1.0
CLM00538,POL482737,Health - Hospitalisation,1500000,487841,949,1,Network hospital/garage,1,Yes,11,Chandigarh,0.3252,0,Low,No,,No red-flag rules triggered.,Standard processing,v1.0
CLM00539,POL703327,Motor - Own Damage,1500000,49342,888,2,Network hospital/garage,0,Yes,10,Kochi,0.0329,15,Low,No,R8,"Low-risk: late reporting (motor/theft). A screening signal for verification, not proof of fraud.",Standard processing,v1.0
CLM00540,POL926528,Health - Hospitalisation,500000,12694,834,3,Network hospital/garage,0,Yes,4,Chandigarh,0.0254,15,Low,No,R4,"Low-risk: repeat claimant. A screening signal for verification, not proof of fraud.",Standard processing,v1.0
CLM00541,POL749957,Motor - Own Damage,1000000,27467,890,1,Network hospital/garage,2,Yes,17,Pune,0.0275,25,Low,No,R6|R8,"Low-risk: recent address changes; late reporting (motor/theft). A screening signal for verification, not proof of fraud.",Standard processing,v1.0
CLM00542,POL688926,Health - Hospitalisation,1000000,21709,652,1,Network hospital/garage,0,Yes,15,Nagpur,0.0217,0,Low,No,,No red-flag rules triggered.,Standard processing,v1.0
CLM00543,POL668131,Motor - Own Damage,1500000,140785,857,0,Non-network,0,No,17,Hyderabad,0.0939,35,Medium,Yes,R7|R8,"Medium-risk: incomplete documents; late reporting (motor/theft). A screening signal for verification, not proof of fraud.",Routine verification of flagged items by a claims analyst,v1.0
CLM00544,POL174769,Health - Hospitalisation,1000000,41258,998,1,Network hospital/garage,1,Yes,26,Kochi,0.0413,0,Low,No,,No red-flag rules triggered.,Standard processing,v1.0
CLM00545,POL224564,Health - Hospitalisation,1000000,243238,654,3,Network hospital/garage,2,Yes,18,Mumbai,0.2432,25,Low,No,R4|R6,"Low-risk: repeat claimant; recent address changes. A screening signal for verification, not proof of fraud.",Standard processing,v1.0
CLM00546,POL562002,Motor - Own Damage,300000,84054,539,0,Network hospital/garage,1,Yes,1,Indore,0.2802,0,Low,No,,No red-flag rules triggered.,Standard processing,v1.0
CLM00547,POL384845,Health - Hospitalisation,1000000,193636,701,3,Network hospital/garage,2,Yes,24,Lucknow,0.1936,25,Low,No,R4|R6,"Low-risk: repeat claimant; recent address changes. A screening signal for verification, not proof of fraud.",Standard processing,v1.0
CLM00548,POL134842,Motor - Own Damage,1000000,419042,946,2,Network hospital/garage,2,Yes,20,Nashik,0.419,25,Low,No,R6|R8,"Low-risk: recent address changes; late reporting (motor/theft). A screening signal for verification, not proof of fraud.",Standard processing,v1.0
CLM00549,POL467333,Home - Theft,1000000,92204,197,0,Network hospital/garage,1,Yes,19,Jaipur,0.0922,15,Low,No,R8,"Low-risk: late reporting (motor/theft). A screening signal for verification, not proof of fraud.",Standard processing,v1.0
CLM00550,POL518371,Health - Day Care,1000000,293181,980,0,Network hospital/garage,0,Yes,12,Ahmedabad,0.2932,0,Low,No,,No red-flag rules triggered.,Standard processing,v1.0
CLM00551,POL590542,Health - Day Care,500000,151669,995,1,Non-network,1,Yes,6,Jaipur,0.3033,0,Low,No,,No red-flag rules triggered.,Standard processing,v1.0
CLM00552,POL960208,Motor - Own Damage,1000000,200200,484,2,Network hospital/garage,1,Yes,0,Kolkata,0.2002,0,Low,No,,No red-flag rules triggered.,Standard processing,v1.0
CLM00553,POL332146,Motor - Own Damage,1500000,676918,490,2,Network hospital/garage,1,Yes,1,Hyderabad,0.4513,0,Low,No,,No red-flag rules triggered.,Standard processing,v1.0
CLM00554,POL337811,Health - Hospitalisation,1000000,71951,37,0,Network hospital/garage,2,Yes,7,Hyderabad,0.072,30,Medium,Yes,R1|R6,"Medium-risk: early-life claim; recent address changes. A screening signal for verification, not proof of fraud.",Routine verification of flagged items by a claims analyst,v1.0
CLM00555,POL237567,Health - Hospitalisation,500000,63692,284,1,Network hospital/garage,2,Yes,29,Chandigarh,0.1274,10,Low,No,R6,"Low-risk: recent address changes. A screening signal for verification, not proof of fraud.",Standard processing,v1.0
CLM00556,POL410020,Home - Theft,300000,58461,933,3,Network hospital/garage,1,Yes,19,Bengaluru,0.1949,30,Medium,Yes,R4|R8,"Medium-risk: repeat claimant; late reporting (motor/theft). A screening signal for verification, not proof of fraud.",Routine verification of flagged items by a claims analyst,v1.0
CLM00557,POL682531,Motor - Own Damage,1500000,1075350,3,5,Network hospital/garage,1,No,64,Pune,0.7169,100,High,Yes,R2|R5|R7|R8|R10,"High-risk: very early claim; very frequent claimant; incomplete documents; late reporting (motor/theft); early claim with missing documents. A screening signal for verification, not proof of fraud.",Priority manual review by an investigator; verify flagged items before any decision,v1.0
CLM00558,POL162995,Health - Hospitalisation,500000,142524,101,1,Network hospital/garage,2,Yes,23,Guwahati,0.285,10,Low,No,R6,"Low-risk: recent address changes. A screening signal for verification, not proof of fraud.",Standard processing,v1.0
CLM00559,POL589910,Health - Day Care,1000000,104049,841,1,Network hospital/garage,2,Yes,7,Nashik,0.104,10,Low,No,R6,"Low-risk: recent address changes. A screening signal for verification, not proof of fraud.",Standard processing,v1.0
CLM00560,POL699032,Motor - Own Damage,1500000,485859,278,1,Network hospital/garage,2,Yes,6,Kochi,0.3239,10,Low,No,R6,"Low-risk: recent address changes. A screening signal for verification, not proof of fraud.",Standard processing,v1.0
CLM00561,POL276728,Motor - Own Damage,1000000,280211,88,0,Network hospital/garage,1,No,0,Surat,0.2802,50,Medium,Yes,R1|R7|R10,"Medium-risk: early-life claim; incomplete documents; early claim with missing documents. A screening signal for verification, not proof of fraud.",Routine verification of flagged items by a claims analyst,v1.0
CLM00562,POL824923,Motor - Own Damage,1000000,285973,20,3,Non-network,1,Yes,15,Mumbai,0.286,60,High,Yes,R2|R4|R8,"High-risk: very early claim; repeat claimant; late reporting (motor/theft). A screening signal for verification, not proof of fraud.",Priority manual review by an investigator; verify flagged items before any decision,v1.0
CLM00563,POL699549,Health - Hospitalisation,300000,14423,884,3,Network hospital/garage,0,Yes,23,Patna,0.0481,15,Low,No,R4,"Low-risk: repeat claimant. A screening signal for verification, not proof of fraud.",Standard processing,v1.0
CLM00564,POL608827,Motor - Own Damage,1500000,279132,912,1,Network hospital/garage,1,Yes,16,Nagpur,0.1861,15,Low,No,R8,"Low-risk: late reporting (motor/theft). A screening signal for verification, not proof of fraud.",Standard processing,v1.0
CLM00565,POL540078,Motor - Theft,1000000,87807,52,2,Network hospital/garage,2,Yes,2,Surat,0.0878,30,Medium,Yes,R1|R6,"Medium-risk: early-life claim; recent address changes. A screening signal for verification, not proof of fraud.",Routine verification of flagged items by a claims analyst,v1.0
CLM00566,POL429668,Health - Hospitalisation,300000,64334,505,3,Network hospital/garage,0,Yes,10,Chennai,0.2144,15,Low,No,R4,"Low-risk: repeat claimant. A screening signal for verification, not proof of fraud.",Standard processing,v1.0
CLM00567,POL898957,Health - Day Care,500000,98729,409,2,Non-network,1,Yes,24,Nagpur,0.1975,0,Low,No,,No red-flag rules triggered.,Standard processing,v1.0
CLM00568,POL994697,Motor - Own Damage,1500000,1409272,5,3,Non-network,3,No,68,Mumbai,0.9395,100,High,Yes,R2|R3|R4|R6|R7|R8|R10,"High-risk: very early claim; high claim-to-sum-insured ratio; repeat claimant; recent address changes; incomplete documents; late reporting (motor/theft); early claim with missing documents. A screening signal for verification, not proof of fraud.",Priority manual review by an investigator; verify flagged items before any decision,v1.0
CLM00569,POL693710,Health - Hospitalisation,300000,34993,933,2,Non-network,0,No,6,Chandigarh,0.1166,20,Low,No,R7,"Low-risk: incomplete documents. A screening signal for verification, not proof of fraud.",Standard processing,v1.0
CLM00570,POL239228,Motor - Own Damage,300000,92212,586,3,Non-network,0,Yes,9,Kochi,0.3074,30,Medium,Yes,R4|R8,"Medium-risk: repeat claimant; late reporting (motor/theft). A screening signal for verification, not proof of fraud.",Routine verification of flagged items by a claims analyst,v1.0
CLM00571,POL770570,Health - Hospitalisation,1000000,185847,813,1,Network hospital/garage,1,Yes,6,Ahmedabad,0.1858,0,Low,No,,No red-flag rules triggered.,Standard processing,v1.0
CLM00572,POL345630,Motor - Theft,1000000,154833,507,0,Network hospital/garage,0,Yes,0,Patna,0.1548,0,Low,No,,No red-flag rules triggered.,Standard processing,v1.0
CLM00573,POL583057,Motor - Own Damage,1000000,437094,223,2,Network hospital/garage,0,No,15,Guwahati,0.4371,35,Medium,Yes,R7|R8,"Medium-risk: incomplete documents; late reporting (motor/theft). A screening signal for verification, not proof of fraud.",Routine verification of flagged items by a claims analyst,v1.0
CLM00574,POL108680,Motor - Theft,300000,37366,750,1,Network hospital/garage,0,Yes,26,Chandigarh,0.1246,15,Low,No,R8,"Low-risk: late reporting (motor/theft). A screening signal for verification, not proof of fraud.",Standard processing,v1.0
CLM00575,POL107844,Health - Day Care,1500000,307333,644,2,Network hospital/garage,1,Yes,16,Surat,0.2049,0,Low,No,,No red-flag rules triggered.,Standard processing,v1.0
CLM00576,POL612275,Health - Hospitalisation,1000000,175899,451,1,Network hospital/garage,0,Yes,13,Guwahati,0.1759,0,Low,No,,No red-flag rules triggered.,Standard processing,v1.0
CLM00577,POL103438,Motor - Own Damage,300000,56716,152,2,Network hospital/garage,2,Yes,20,Ahmedabad,0.1891,25,Low,No,R6|R8,"Low-risk: recent address changes; late reporting (motor/theft). A screening signal for verification, not proof of fraud.",Standard processing,v1.0
CLM00578,POL700458,Health - Hospitalisation,1500000,199002,297,2,Network hospital/garage,2,Yes,4,Chennai,0.1327,10,Low,No,R6,"Low-risk: recent address changes. A screening signal for verification, not proof of fraud.",Standard processing,v1.0
CLM00579,POL686724,Motor - Own Damage,1500000,667409,212,0,Network hospital/garage,1,Yes,1,Patna,0.4449,0,Low,No,,No red-flag rules triggered.,Standard processing,v1.0
CLM00580,POL952434,Motor - Own Damage,1500000,593868,228,3,Network hospital/garage,2,Yes,29,Mumbai,0.3959,40,Medium,Yes,R4|R6|R8,"Medium-risk: repeat claimant; recent address changes; late reporting (motor/theft). A screening signal for verification, not proof of fraud.",Routine verification of flagged items by a claims analyst,v1.0
CLM00581,POL982023,Health - Hospitalisation,500000,57020,94,3,Network hospital/garage,1,Yes,25,Surat,0.114,15,Low,No,R4,"Low-risk: repeat claimant. A screening signal for verification, not proof of fraud.",Standard processing,v1.0
CLM00582,POL783631,Motor - Own Damage,1500000,389148,340,2,Non-network,2,Yes,19,Ahmedabad,0.2594,25,Low,No,R6|R8,"Low-risk: recent address changes; late reporting (motor/theft). A screening signal for verification, not proof of fraud.",Standard processing,v1.0
CLM00583,POL975239,Health - Hospitalisation,300000,37414,481,3,Network hospital/garage,1,Yes,1,Patna,0.1247,15,Low,No,R4,"Low-risk: repeat claimant. A screening signal for verification, not proof of fraud.",Standard processing,v1.0
CLM00584,POL961915,Health - Hospitalisation,1000000,304392,432,2,Network hospital/garage,2,Yes,6,Delhi,0.3044,10,Low,No,R6,"Low-risk: recent address changes. A screening signal for verification, not proof of fraud.",Standard processing,v1.0
CLM00585,POL472667,Home - Theft,300000,44634,346,3,Network hospital/garage,2,Yes,13,Kochi,0.1488,40,Medium,Yes,R4|R6|R8,"Medium-risk: repeat claimant; recent address changes; late reporting (motor/theft). A screening signal for verification, not proof of fraud.",Routine verification of flagged items by a claims analyst,v1.0
CLM00586,POL285925,Health - Day Care,500000,121838,744,1,Network hospital/garage,2,Yes,24,Surat,0.2437,10,Low,No,R6,"Low-risk: recent address changes. A screening signal for verification, not proof of fraud.",Standard processing,v1.0
CLM00587,POL974030,Motor - Own Damage,1500000,738852,449,2,Network hospital/garage,1,Yes,5,Patna,0.4926,0,Low,No,,No red-flag rules triggered.,Standard processing,v1.0
CLM00588,POL419929,Motor - Own Damage,1500000,489610,402,2,Non-network,1,Yes,26,Lucknow,0.3264,15,Low,No,R8,"Low-risk: late reporting (motor/theft). A screening signal for verification, not proof of fraud.",Standard processing,v1.0
CLM00589,POL600453,Health - Hospitalisation,1500000,252062,594,2,Network hospital/garage,0,Yes,7,Kolkata,0.168,0,Low,No,,No red-flag rules triggered.,Standard processing,v1.0
CLM00590,POL455877,Motor - Own Damage,300000,45651,716,2,Network hospital/garage,0,Yes,7,Chandigarh,0.1522,15,Low,No,R8,"Low-risk: late reporting (motor/theft). A screening signal for verification, not proof of fraud.",Standard processing,v1.0
CLM00591,POL399185,Health - Day Care,1500000,230446,834,2,Non-network,1,Yes,3,Hyderabad,0.1536,0,Low,No,,No red-flag rules triggered.,Standard processing,v1.0
CLM00592,POL378421,Motor - Own Damage,1000000,78712,901,0,Non-network,0,Yes,4,Nagpur,0.0787,0,Low,No,,No red-flag rules triggered.,Standard processing,v1.0
CLM00593,POL501564,Motor - Own Damage,500000,106490,569,3,Non-network,2,Yes,2,Kolkata,0.213,25,Low,No,R4|R6,"Low-risk: repeat claimant; recent address changes. A screening signal for verification, not proof of fraud.",Standard processing,v1.0
CLM00594,POL534019,Health - Hospitalisation,300000,84625,390,0,Network hospital/garage,2,Yes,23,Indore,0.2821,10,Low,No,R6,"Low-risk: recent address changes. A screening signal for verification, not proof of fraud.",Standard processing,v1.0
CLM00595,POL729770,Health - Hospitalisation,1500000,440988,130,2,Network hospital/garage,0,Yes,21,Bengaluru,0.294,0,Low,No,,No red-flag rules triggered.,Standard processing,v1.0
CLM00596,POL232125,Motor - Own Damage,300000,9239,909,0,Network hospital/garage,0,Yes,13,Patna,0.0308,15,Low,No,R8,"Low-risk: late reporting (motor/theft). A screening signal for verification, not proof of fraud.",Standard processing,v1.0
CLM00597,POL876560,Motor - Own Damage,500000,189984,40,0,Network hospital/garage,1,Yes,17,Pune,0.38,35,Medium,Yes,R1|R8,"Medium-risk: early-life claim; late reporting (motor/theft). A screening signal for verification, not proof of fraud.",Routine verification of flagged items by a claims analyst,v1.0
CLM00598,POL506433,Health - Hospitalisation,1000000,153213,966,0,Network hospital/garage,2,Yes,25,Jaipur,0.1532,10,Low,No,R6,"Low-risk: recent address changes. A screening signal for verification, not proof of fraud.",Standard processing,v1.0
CLM00599,POL999254,Motor - Theft,1000000,275719,845,0,Non-network,1,Yes,12,Bhubaneswar,0.2757,15,Low,No,R8,"Low-risk: late reporting (motor/theft). A screening signal for verification, not proof of fraud.",Standard processing,v1.0
CLM00600,POL693377,Home - Theft,1500000,277633,47,2,Network hospital/garage,0,Yes,24,Coimbatore,0.1851,35,Medium,Yes,R1|R8,"Medium-risk: early-life claim; late reporting (motor/theft). A screening signal for verification, not proof of fraud.",Routine verification of flagged items by a claims analyst,v1.0
CLM00601,POL823088,Home - Theft,1500000,235869,213,3,Non-network,2,Yes,0,Kochi,0.1572,25,Low,No,R4|R6,"Low-risk: repeat claimant; recent address changes. A screening signal for verification, not proof of fraud.",Standard processing,v1.0
CLM00602,POL987985,Health - Hospitalisation,500000,170725,550,3,Network hospital/garage,2,Yes,20,Kochi,0.3414,25,Low,No,R4|R6,"Low-risk: repeat claimant; recent address changes. A screening signal for verification, not proof of fraud.",Standard processing,v1.0
CLM00603,POL621498,Health - Hospitalisation,500000,113450,231,3,Network hospital/garage,0,Yes,7,Pune,0.2269,15,Low,No,R4,"Low-risk: repeat claimant. A screening signal for verification, not proof of fraud.",Standard processing,v1.0
CLM00604,POL405148,Health - Hospitalisation,1000000,33016,285,0,Network hospital/garage,1,Yes,8,Bengaluru,0.033,0,Low,No,,No red-flag rules triggered.,Standard processing,v1.0
CLM00605,POL170463,Motor - Own Damage,300000,74456,703,3,Network hospital/garage,0,Yes,11,Kochi,0.2482,30,Medium,Yes,R4|R8,"Medium-risk: repeat claimant; late reporting (motor/theft). A screening signal for verification, not proof of fraud.",Routine verification of flagged items by a claims analyst,v1.0
CLM00606,POL363977,Motor - Own Damage,300000,59439,115,3,Network hospital/garage,0,Yes,8,Guwahati,0.1981,30,Medium,Yes,R4|R8,"Medium-risk: repeat claimant; late reporting (motor/theft). A screening signal for verification, not proof of fraud.",Routine verification of flagged items by a claims analyst,v1.0
CLM00607,POL964023,Health - Hospitalisation,300000,48509,592,3,Network hospital/garage,2,Yes,14,Guwahati,0.1617,25,Low,No,R4|R6,"Low-risk: repeat claimant; recent address changes. A screening signal for verification, not proof of fraud.",Standard processing,v1.0
CLM00608,POL523353,Health - Hospitalisation,1500000,195991,402,0,Network hospital/garage,1,Yes,10,Nashik,0.1307,0,Low,No,,No red-flag rules triggered.,Standard processing,v1.0
CLM00609,POL562512,Motor - Own Damage,300000,43682,318,0,Network hospital/garage,0,Yes,7,Chandigarh,0.1456,15,Low,No,R8,"Low-risk: late reporting (motor/theft). A screening signal for verification, not proof of fraud.",Standard processing,v1.0
CLM00610,POL888833,Health - Day Care,500000,41092,287,3,Network hospital/garage,2,Yes,4,Delhi,0.0822,25,Low,No,R4|R6,"Low-risk: repeat claimant; recent address changes. A screening signal for verification, not proof of fraud.",Standard processing,v1.0
CLM00611,POL551004,Motor - Own Damage,300000,29089,260,1,Non-network,0,No,18,Kochi,0.097,35,Medium,Yes,R7|R8,"Medium-risk: incomplete documents; late reporting (motor/theft). A screening signal for verification, not proof of fraud.",Routine verification of flagged items by a claims analyst,v1.0
CLM00612,POL274305,Health - Hospitalisation,1000000,199217,791,2,Non-network,0,Yes,18,Patna,0.1992,0,Low,No,,No red-flag rules triggered.,Standard processing,v1.0
CLM00613,POL170875,Health - Hospitalisation,500000,457166,23,2,Non-network,1,No,44,Delhi,0.9143,85,High,Yes,R2|R3|R7|R9|R10,"High-risk: very early claim; high claim-to-sum-insured ratio; incomplete documents; late reporting (health); early claim with missing documents. A screening signal for verification, not proof of fraud.",Priority manual review by an investigator; verify flagged items before any decision,v1.0
CLM00614,POL793556,Motor - Own Damage,1000000,246411,39,2,Network hospital/garage,2,Yes,26,Coimbatore,0.2464,45,Medium,Yes,R1|R6|R8,"Medium-risk: early-life claim; recent address changes; late reporting (motor/theft). A screening signal for verification, not proof of fraud.",Routine verification of flagged items by a claims analyst,v1.0
CLM00615,POL152706,Motor - Own Damage,500000,28313,527,3,Network hospital/garage,2,No,25,Coimbatore,0.0566,60,High,Yes,R4|R6|R7|R8,"High-risk: repeat claimant; recent address changes; incomplete documents; late reporting (motor/theft). A screening signal for verification, not proof of fraud.",Priority manual review by an investigator; verify flagged items before any decision,v1.0
CLM00616,POL305832,Health - Day Care,1500000,187176,428,2,Network hospital/garage,2,Yes,19,Hyderabad,0.1248,10,Low,No,R6,"Low-risk: recent address changes. A screening signal for verification, not proof of fraud.",Standard processing,v1.0
CLM00617,POL402318,Health - Hospitalisation,1000000,355564,723,1,Network hospital/garage,1,Yes,24,Mumbai,0.3556,0,Low,No,,No red-flag rules triggered.,Standard processing,v1.0
CLM00618,POL234294,Health - Hospitalisation,300000,44004,253,1,Non-network,0,Yes,6,Chennai,0.1467,0,Low,No,,No red-flag rules triggered.,Standard processing,v1.0
CLM00619,POL998768,Health - Hospitalisation,500000,78094,243,2,Network hospital/garage,0,Yes,26,Hyderabad,0.1562,0,Low,No,,No red-flag rules triggered.,Standard processing,v1.0
CLM00620,POL107619,Motor - Own Damage,500000,366537,29,3,Non-network,3,Yes,46,Hyderabad,0.7331,70,High,Yes,R2|R4|R6|R8,"High-risk: very early claim; repeat claimant; recent address changes; late reporting (motor/theft). A screening signal for verification, not proof of fraud.",Priority manual review by an investigator; verify flagged items before any decision,v1.0
CLM00621,POL458576,Motor - Own Damage,500000,193341,531,0,Non-network,1,No,14,Nagpur,0.3867,35,Medium,Yes,R7|R8,"Medium-risk: incomplete documents; late reporting (motor/theft). A screening signal for verification, not proof of fraud.",Routine verification of flagged items by a claims analyst,v1.0
CLM00622,POL282256,Motor - Own Damage,500000,250041,914,2,Network hospital/garage,1,Yes,29,Delhi,0.5001,15,Low,No,R8,"Low-risk: late reporting (motor/theft). A screening signal for verification, not proof of fraud.",Standard processing,v1.0
CLM00623,POL786673,Motor - Own Damage,500000,167188,13,1,Network hospital/garage,1,Yes,24,Surat,0.3344,45,Medium,Yes,R2|R8,"Medium-risk: very early claim; late reporting (motor/theft). A screening signal for verification, not proof of fraud.",Routine verification of flagged items by a claims analyst,v1.0
CLM00624,POL955078,Health - Hospitalisation,300000,101463,904,0,Network hospital/garage,0,No,22,Chennai,0.3382,20,Low,No,R7,"Low-risk: incomplete documents. A screening signal for verification, not proof of fraud.",Standard processing,v1.0
CLM00625,POL337715,Motor - Own Damage,500000,112858,839,0,Network hospital/garage,0,Yes,0,Mumbai,0.2257,0,Low,No,,No red-flag rules triggered.,Standard processing,v1.0
CLM00626,POL789474,Health - Hospitalisation,300000,42361,64,0,Non-network,1,Yes,0,Chandigarh,0.1412,20,Low,No,R1,"Low-risk: early-life claim. A screening signal for verification, not proof of fraud.",Standard processing,v1.0
CLM00627,POL667994,Motor - Own Damage,1000000,381379,924,3,Non-network,2,Yes,26,Bhubaneswar,0.3814,40,Medium,Yes,R4|R6|R8,"Medium-risk: repeat claimant; recent address changes; late reporting (motor/theft). A screening signal for verification, not proof of fraud.",Routine verification of flagged items by a claims analyst,v1.0
CLM00628,POL232713,Home - Theft,500000,107350,365,2,Network hospital/garage,0,Yes,29,Nashik,0.2147,15,Low,No,R8,"Low-risk: late reporting (motor/theft). A screening signal for verification, not proof of fraud.",Standard processing,v1.0
CLM00629,POL689294,Motor - Own Damage,300000,62047,707,3,Network hospital/garage,2,Yes,18,Patna,0.2068,40,Medium,Yes,R4|R6|R8,"Medium-risk: repeat claimant; recent address changes; late reporting (motor/theft). A screening signal for verification, not proof of fraud.",Routine verification of flagged items by a claims analyst,v1.0
CLM00630,POL580853,Health - Hospitalisation,500000,418735,22,3,Non-network,1,Yes,66,Hyderabad,0.8375,70,High,Yes,R2|R3|R4|R9,"High-risk: very early claim; high claim-to-sum-insured ratio; repeat claimant; late reporting (health). A screening signal for verification, not proof of fraud.",Priority manual review by an investigator; verify flagged items before any decision,v1.0
CLM00631,POL415743,Health - Hospitalisation,500000,141504,503,2,Network hospital/garage,0,Yes,6,Delhi,0.283,0,Low,No,,No red-flag rules triggered.,Standard processing,v1.0
CLM00632,POL214400,Health - Hospitalisation,300000,68551,485,2,Network hospital/garage,2,Yes,27,Nashik,0.2285,10,Low,No,R6,"Low-risk: recent address changes. A screening signal for verification, not proof of fraud.",Standard processing,v1.0
CLM00633,POL688993,Home - Theft,300000,38660,573,3,Network hospital/garage,0,Yes,2,Chandigarh,0.1289,15,Low,No,R4,"Low-risk: repeat claimant. A screening signal for verification, not proof of fraud.",Standard processing,v1.0
CLM00634,POL268934,Motor - Theft,500000,98283,340,3,Network hospital/garage,1,No,8,Mumbai,0.1966,50,Medium,Yes,R4|R7|R8,"Medium-risk: repeat claimant; incomplete documents; late reporting (motor/theft). A screening signal for verification, not proof of fraud.",Routine verification of flagged items by a claims analyst,v1.0
CLM00635,POL837535,Motor - Own Damage,300000,36176,133,3,Network hospital/garage,0,Yes,23,Coimbatore,0.1206,30,Medium,Yes,R4|R8,"Medium-risk: repeat claimant; late reporting (motor/theft). A screening signal for verification, not proof of fraud.",Routine verification of flagged items by a claims analyst,v1.0
CLM00636,POL985843,Health - Day Care,300000,157853,362,0,Network hospital/garage,0,No,4,Kolkata,0.5262,20,Low,No,R7,"Low-risk: incomplete documents. A screening signal for verification, not proof of fraud.",Standard processing,v1.0
CLM00637,POL395442,Health - Day Care,1000000,269639,469,3,Network hospital/garage,2,Yes,23,Chandigarh,0.2696,25,Low,No,R4|R6,"Low-risk: repeat claimant; recent address changes. A screening signal for verification, not proof of fraud.",Standard processing,v1.0
CLM00638,POL154579,Health - Hospitalisation,1500000,234188,891,2,Network hospital/garage,2,Yes,10,Bhubaneswar,0.1561,10,Low,No,R6,"Low-risk: recent address changes. A screening signal for verification, not proof of fraud.",Standard processing,v1.0
CLM00639,POL204883,Motor - Own Damage,300000,83291,253,3,Network hospital/garage,0,Yes,19,Lucknow,0.2776,30,Medium,Yes,R4|R8,"Medium-risk: repeat claimant; late reporting (motor/theft). A screening signal for verification, not proof of fraud.",Routine verification of flagged items by a claims analyst,v1.0
CLM00640,POL159840,Motor - Own Damage,500000,51153,238,1,Network hospital/garage,1,Yes,23,Guwahati,0.1023,15,Low,No,R8,"Low-risk: late reporting (motor/theft). A screening signal for verification, not proof of fraud.",Standard processing,v1.0
CLM00641,POL346440,Health - Hospitalisation,300000,38358,705,3,Network hospital/garage,1,Yes,17,Kochi,0.1279,15,Low,No,R4,"Low-risk: repeat claimant. A screening signal for verification, not proof of fraud.",Standard processing,v1.0
CLM00642,POL546115,Health - Hospitalisation,300000,61019,11,1,Non-network,2,Yes,6,Nagpur,0.2034,40,Medium,Yes,R2|R6,"Medium-risk: very early claim; recent address changes. A screening signal for verification, not proof of fraud.",Routine verification of flagged items by a claims analyst,v1.0
CLM00643,POL589024,Health - Day Care,300000,88002,88,3,Network hospital/garage,2,Yes,27,Delhi,0.2933,45,Medium,Yes,R1|R4|R6,"Medium-risk: early-life claim; repeat claimant; recent address changes. A screening signal for verification, not proof of fraud.",Routine verification of flagged items by a claims analyst,v1.0
CLM00644,POL624335,Health - Hospitalisation,1500000,346164,896,3,Network hospital/garage,2,Yes,10,Patna,0.2308,25,Low,No,R4|R6,"Low-risk: repeat claimant; recent address changes. A screening signal for verification, not proof of fraud.",Standard processing,v1.0
CLM00645,POL456911,Motor - Own Damage,300000,14917,129,2,Network hospital/garage,2,Yes,23,Ahmedabad,0.0497,25,Low,No,R6|R8,"Low-risk: recent address changes; late reporting (motor/theft). A screening signal for verification, not proof of fraud.",Standard processing,v1.0
CLM00646,POL482710,Motor - Own Damage,1000000,351719,892,1,Network hospital/garage,0,Yes,6,Pune,0.3517,0,Low,No,,No red-flag rules triggered.,Standard processing,v1.0
CLM00647,POL256292,Motor - Own Damage,1500000,135363,253,1,Network hospital/garage,2,Yes,19,Guwahati,0.0902,25,Low,No,R6|R8,"Low-risk: recent address changes; late reporting (motor/theft). A screening signal for verification, not proof of fraud.",Standard processing,v1.0
CLM00648,POL770785,Motor - Own Damage,1000000,75755,301,0,Network hospital/garage,2,Yes,20,Delhi,0.0758,25,Low,No,R6|R8,"Low-risk: recent address changes; late reporting (motor/theft). A screening signal for verification, not proof of fraud.",Standard processing,v1.0
CLM00649,POL432970,Motor - Own Damage,1500000,89085,669,3,Non-network,2,Yes,28,Nagpur,0.0594,40,Medium,Yes,R4|R6|R8,"Medium-risk: repeat claimant; recent address changes; late reporting (motor/theft). A screening signal for verification, not proof of fraud.",Routine verification of flagged items by a claims analyst,v1.0
CLM00650,POL465510,Motor - Own Damage,1500000,155297,21,0,Network hospital/garage,1,Yes,8,Chennai,0.1035,45,Medium,Yes,R2|R8,"Medium-risk: very early claim; late reporting (motor/theft). A screening signal for verification, not proof of fraud.",Routine verification of flagged items by a claims analyst,v1.0
CLM00651,POL775820,Motor - Theft,1500000,108365,152,2,Network hospital/garage,1,Yes,3,Bhubaneswar,0.0722,0,Low,No,,No red-flag rules triggered.,Standard processing,v1.0
CLM00652,POL482924,Motor - Own Damage,500000,414560,29,4,Network hospital/garage,1,No,40,Ahmedabad,0.8291,100,High,Yes,R2|R3|R4|R7|R8|R10,"High-risk: very early claim; high claim-to-sum-insured ratio; repeat claimant; incomplete documents; late reporting (motor/theft); early claim with missing documents. A screening signal for verification, not proof of fraud.",Priority manual review by an investigator; verify flagged items before any decision,v1.0
CLM00653,POL456251,Motor - Theft,300000,53780,442,3,Non-network,0,No,6,Nagpur,0.1793,35,Medium,Yes,R4|R7,"Medium-risk: repeat claimant; incomplete documents. A screening signal for verification, not proof of fraud.",Routine verification of flagged items by a claims analyst,v1.0
CLM00654,POL608772,Motor - Theft,1500000,465072,669,1,Network hospital/garage,1,Yes,5,Mumbai,0.31,0,Low,No,,No red-flag rules triggered.,Standard processing,v1.0
CLM00655,POL566557,Home - Theft,300000,137900,835,0,Non-network,2,Yes,24,Indore,0.4597,25,Low,No,R6|R8,"Low-risk: recent address changes; late reporting (motor/theft). A screening signal for verification, not proof of fraud.",Standard processing,v1.0
CLM00656,POL613533,Motor - Own Damage,300000,34951,11,3,Network hospital/garage,1,Yes,15,Lucknow,0.1165,60,High,Yes,R2|R4|R8,"High-risk: very early claim; repeat claimant; late reporting (motor/theft). A screening signal for verification, not proof of fraud.",Priority manual review by an investigator; verify flagged items before any decision,v1.0
CLM00657,POL108291,Health - Day Care,300000,17685,784,3,Network hospital/garage,0,Yes,13,Mumbai,0.059,15,Low,No,R4,"Low-risk: repeat claimant. A screening signal for verification, not proof of fraud.",Standard processing,v1.0
CLM00658,POL537719,Motor - Own Damage,500000,90143,176,2,Network hospital/garage,0,Yes,18,Chandigarh,0.1803,15,Low,No,R8,"Low-risk: late reporting (motor/theft). A screening signal for verification, not proof of fraud.",Standard processing,v1.0
CLM00659,POL360642,Home - Theft,300000,43547,642,3,Network hospital/garage,0,Yes,17,Indore,0.1452,30,Medium,Yes,R4|R8,"Medium-risk: repeat claimant; late reporting (motor/theft). A screening signal for verification, not proof of fraud.",Routine verification of flagged items by a claims analyst,v1.0
CLM00660,POL247412,Motor - Own Damage,500000,113802,673,0,Non-network,2,Yes,8,Chennai,0.2276,25,Low,No,R6|R8,"Low-risk: recent address changes; late reporting (motor/theft). A screening signal for verification, not proof of fraud.",Standard processing,v1.0
CLM00661,POL275864,Health - Hospitalisation,300000,85802,890,3,Network hospital/garage,1,Yes,13,Chennai,0.286,15,Low,No,R4,"Low-risk: repeat claimant. A screening signal for verification, not proof of fraud.",Standard processing,v1.0
CLM00662,POL308971,Motor - Own Damage,300000,157861,991,0,Non-network,2,Yes,5,Patna,0.5262,10,Low,No,R6,"Low-risk: recent address changes. A screening signal for verification, not proof of fraud.",Standard processing,v1.0
CLM00663,POL289645,Home - Theft,1000000,183883,53,2,Network hospital/garage,0,Yes,6,Chennai,0.1839,20,Low,No,R1,"Low-risk: early-life claim. A screening signal for verification, not proof of fraud.",Standard processing,v1.0
CLM00664,POL626332,Health - Hospitalisation,1000000,204063,815,2,Network hospital/garage,1,Yes,24,Kolkata,0.2041,0,Low,No,,No red-flag rules triggered.,Standard processing,v1.0
CLM00665,POL667474,Health - Day Care,1000000,199430,117,2,Network hospital/garage,2,Yes,5,Mumbai,0.1994,10,Low,No,R6,"Low-risk: recent address changes. A screening signal for verification, not proof of fraud.",Standard processing,v1.0
CLM00666,POL853037,Motor - Own Damage,1500000,554312,107,2,Network hospital/garage,1,Yes,0,Chandigarh,0.3695,0,Low,No,,No red-flag rules triggered.,Standard processing,v1.0
CLM00667,POL703973,Health - Day Care,500000,356397,22,2,Non-network,2,No,45,Indore,0.7128,80,High,Yes,R2|R6|R7|R9|R10,"High-risk: very early claim; recent address changes; incomplete documents; late reporting (health); early claim with missing documents. A screening signal for verification, not proof of fraud.",Priority manual review by an investigator; verify flagged items before any decision,v1.0
CLM00668,POL976013,Home - Theft,1000000,290251,501,2,Network hospital/garage,2,Yes,12,Delhi,0.2903,25,Low,No,R6|R8,"Low-risk: recent address changes; late reporting (motor/theft). A screening signal for verification, not proof of fraud.",Standard processing,v1.0
CLM00669,POL288398,Health - Hospitalisation,300000,136194,376,2,Network hospital/garage,2,Yes,5,Bengaluru,0.454,10,Low,No,R6,"Low-risk: recent address changes. A screening signal for verification, not proof of fraud.",Standard processing,v1.0
CLM00670,POL834655,Health - Hospitalisation,500000,126873,935,1,Non-network,0,Yes,23,Jaipur,0.2537,0,Low,No,,No red-flag rules triggered.,Standard processing,v1.0
CLM00671,POL406209,Health - Hospitalisation,1000000,143822,764,0,Network hospital/garage,1,No,27,Mumbai,0.1438,20,Low,No,R7,"Low-risk: incomplete documents. A screening signal for verification, not proof of fraud.",Standard processing,v1.0
CLM00672,POL452560,Health - Hospitalisation,300000,28139,588,2,Network hospital/garage,2,Yes,24,Surat,0.0938,10,Low,No,R6,"Low-risk: recent address changes. A screening signal for verification, not proof of fraud.",Standard processing,v1.0
CLM00673,POL281848,Motor - Own Damage,500000,93178,553,1,Network hospital/garage,1,Yes,9,Patna,0.1864,15,Low,No,R8,"Low-risk: late reporting (motor/theft). A screening signal for verification, not proof of fraud.",Standard processing,v1.0
CLM00674,POL725261,Health - Hospitalisation,1500000,548495,966,3,Network hospital/garage,1,Yes,25,Hyderabad,0.3657,15,Low,No,R4,"Low-risk: repeat claimant. A screening signal for verification, not proof of fraud.",Standard processing,v1.0
CLM00675,POL241255,Health - Day Care,1000000,213490,797,3,Network hospital/garage,0,Yes,10,Ahmedabad,0.2135,15,Low,No,R4,"Low-risk: repeat claimant. A screening signal for verification, not proof of fraud.",Standard processing,v1.0
CLM00676,POL355597,Motor - Theft,300000,59560,846,0,Non-network,0,Yes,25,Kolkata,0.1985,15,Low,No,R8,"Low-risk: late reporting (motor/theft). A screening signal for verification, not proof of fraud.",Standard processing,v1.0
CLM00677,POL891668,Health - Hospitalisation,500000,64845,696,3,Network hospital/garage,1,Yes,27,Mumbai,0.1297,15,Low,No,R4,"Low-risk: repeat claimant. A screening signal for verification, not proof of fraud.",Standard processing,v1.0
CLM00678,POL588689,Motor - Own Damage,500000,222702,79,3,Network hospital/garage,1,Yes,9,Bhubaneswar,0.4454,50,Medium,Yes,R1|R4|R8,"Medium-risk: early-life claim; repeat claimant; late reporting (motor/theft). A screening signal for verification, not proof of fraud.",Routine verification of flagged items by a claims analyst,v1.0
CLM00679,POL745118,Health - Day Care,1500000,131484,108,1,Network hospital/garage,1,Yes,16,Bengaluru,0.0877,0,Low,No,,No red-flag rules triggered.,Standard processing,v1.0
CLM00680,POL197119,Health - Hospitalisation,500000,50314,16,2,Network hospital/garage,1,Yes,24,Bengaluru,0.1006,30,Medium,Yes,R2,"Medium-risk: very early claim. A screening signal for verification, not proof of fraud.",Routine verification of flagged items by a claims analyst,v1.0
CLM00681,POL592609,Health - Hospitalisation,500000,217510,760,1,Non-network,2,Yes,20,Chandigarh,0.435,10,Low,No,R6,"Low-risk: recent address changes. A screening signal for verification, not proof of fraud.",Standard processing,v1.0
CLM00682,POL661157,Home - Theft,1000000,127116,482,0,Non-network,0,Yes,20,Patna,0.1271,15,Low,No,R8,"Low-risk: late reporting (motor/theft). A screening signal for verification, not proof of fraud.",Standard processing,v1.0
CLM00683,POL432734,Motor - Own Damage,500000,62974,826,0,Network hospital/garage,2,Yes,23,Kochi,0.1259,25,Low,No,R6|R8,"Low-risk: recent address changes; late reporting (motor/theft). A screening signal for verification, not proof of fraud.",Standard processing,v1.0
CLM00684,POL144090,Health - Day Care,500000,116506,637,3,Network hospital/garage,0,Yes,4,Nashik,0.233,15,Low,No,R4,"Low-risk: repeat claimant. A screening signal for verification, not proof of fraud.",Standard processing,v1.0
CLM00685,POL635534,Health - Hospitalisation,300000,25492,143,2,Network hospital/garage,2,Yes,6,Ahmedabad,0.085,10,Low,No,R6,"Low-risk: recent address changes. A screening signal for verification, not proof of fraud.",Standard processing,v1.0
CLM00686,POL806818,Motor - Own Damage,1000000,289058,976,2,Network hospital/garage,1,Yes,22,Nashik,0.2891,15,Low,No,R8,"Low-risk: late reporting (motor/theft). A screening signal for verification, not proof of fraud.",Standard processing,v1.0
CLM00687,POL189811,Health - Hospitalisation,1000000,276970,60,0,Network hospital/garage,2,Yes,22,Mumbai,0.277,30,Medium,Yes,R1|R6,"Medium-risk: early-life claim; recent address changes. A screening signal for verification, not proof of fraud.",Routine verification of flagged items by a claims analyst,v1.0
CLM00688,POL748055,Motor - Own Damage,1000000,695824,18,4,Non-network,1,No,51,Nagpur,0.6958,90,High,Yes,R2|R4|R7|R8|R10,"High-risk: very early claim; repeat claimant; incomplete documents; late reporting (motor/theft); early claim with missing documents. A screening signal for verification, not proof of fraud.",Priority manual review by an investigator; verify flagged items before any decision,v1.0
CLM00689,POL926665,Motor - Own Damage,1500000,126760,811,2,Non-network,2,Yes,22,Ahmedabad,0.0845,25,Low,No,R6|R8,"Low-risk: recent address changes; late reporting (motor/theft). A screening signal for verification, not proof of fraud.",Standard processing,v1.0
CLM00690,POL548373,Motor - Own Damage,500000,109329,435,2,Non-network,2,Yes,3,Pune,0.2187,10,Low,No,R6,"Low-risk: recent address changes. A screening signal for verification, not proof of fraud.",Standard processing,v1.0
CLM00691,POL451399,Health - Hospitalisation,500000,101176,344,2,Network hospital/garage,0,Yes,26,Nagpur,0.2024,0,Low,No,,No red-flag rules triggered.,Standard processing,v1.0
CLM00692,POL736436,Health - Hospitalisation,1500000,525979,977,0,Network hospital/garage,1,Yes,21,Kolkata,0.3507,0,Low,No,,No red-flag rules triggered.,Standard processing,v1.0
CLM00693,POL106622,Health - Day Care,1500000,62361,327,0,Network hospital/garage,0,No,29,Jaipur,0.0416,20,Low,No,R7,"Low-risk: incomplete documents. A screening signal for verification, not proof of fraud.",Standard processing,v1.0
CLM00694,POL218115,Health - Hospitalisation,1000000,177161,222,0,Network hospital/garage,0,Yes,18,Coimbatore,0.1772,0,Low,No,,No red-flag rules triggered.,Standard processing,v1.0
CLM00695,POL711849,Motor - Own Damage,1500000,291153,446,1,Network hospital/garage,2,Yes,11,Jaipur,0.1941,25,Low,No,R6|R8,"Low-risk: recent address changes; late reporting (motor/theft). A screening signal for verification, not proof of fraud.",Standard processing,v1.0
CLM00696,POL868210,Health - Hospitalisation,1500000,589320,871,0,Network hospital/garage,1,Yes,18,Coimbatore,0.3929,0,Low,No,,No red-flag rules triggered.,Standard processing,v1.0
CLM00697,POL564704,Home - Theft,1000000,249309,694,1,Network hospital/garage,0,Yes,24,Nashik,0.2493,15,Low,No,R8,"Low-risk: late reporting (motor/theft). A screening signal for verification, not proof of fraud.",Standard processing,v1.0
CLM00698,POL378269,Motor - Own Damage,1000000,293823,907,3,Network hospital/garage,0,No,20,Bengaluru,0.2938,50,Medium,Yes,R4|R7|R8,"Medium-risk: repeat claimant; incomplete documents; late reporting (motor/theft). A screening signal for verification, not proof of fraud.",Routine verification of flagged items by a claims analyst,v1.0
CLM00699,POL857939,Motor - Own Damage,300000,6599,670,0,Network hospital/garage,1,Yes,22,Chandigarh,0.022,15,Low,No,R8,"Low-risk: late reporting (motor/theft). A screening signal for verification, not proof of fraud.",Standard processing,v1.0
CLM00700,POL562390,Home - Theft,300000,39020,799,0,Non-network,2,No,2,Nagpur,0.1301,30,Medium,Yes,R6|R7,"Medium-risk: recent address changes; incomplete documents. A screening signal for verification, not proof of fraud.",Routine verification of flagged items by a claims analyst,v1.0
CLM00701,POL760442,Health - Hospitalisation,300000,40733,814,3,Network hospital/garage,1,Yes,15,Patna,0.1358,15,Low,No,R4,"Low-risk: repeat claimant. A screening signal for verification, not proof of fraud.",Standard processing,v1.0
CLM00702,POL524513,Motor - Own Damage,500000,48478,52,3,Network hospital/garage,2,Yes,12,Indore,0.097,60,High,Yes,R1|R4|R6|R8,"High-risk: early-life claim; repeat claimant; recent address changes; late reporting (motor/theft). A screening signal for verification, not proof of fraud.",Priority manual review by an investigator; verify flagged items before any decision,v1.0
CLM00703,POL899733,Motor - Theft,1000000,132293,958,1,Network hospital/garage,2,Yes,12,Coimbatore,0.1323,25,Low,No,R6|R8,"Low-risk: recent address changes; late reporting (motor/theft). A screening signal for verification, not proof of fraud.",Standard processing,v1.0
CLM00704,POL823314,Motor - Own Damage,300000,49694,911,0,Network hospital/garage,2,Yes,2,Chandigarh,0.1656,10,Low,No,R6,"Low-risk: recent address changes. A screening signal for verification, not proof of fraud.",Standard processing,v1.0
CLM00705,POL364829,Health - Hospitalisation,500000,43588,439,2,Network hospital/garage,2,Yes,1,Coimbatore,0.0872,10,Low,No,R6,"Low-risk: recent address changes. A screening signal for verification, not proof of fraud.",Standard processing,v1.0
CLM00706,POL889984,Health - Day Care,300000,126479,998,2,Network hospital/garage,1,Yes,26,Lucknow,0.4216,0,Low,No,,No red-flag rules triggered.,Standard processing,v1.0
CLM00707,POL433864,Motor - Own Damage,1000000,399363,753,2,Network hospital/garage,0,Yes,14,Jaipur,0.3994,15,Low,No,R8,"Low-risk: late reporting (motor/theft). A screening signal for verification, not proof of fraud.",Standard processing,v1.0
CLM00708,POL429071,Motor - Theft,1000000,263263,656,3,Network hospital/garage,0,Yes,12,Bhubaneswar,0.2633,30,Medium,Yes,R4|R8,"Medium-risk: repeat claimant; late reporting (motor/theft). A screening signal for verification, not proof of fraud.",Routine verification of flagged items by a claims analyst,v1.0
CLM00709,POL480586,Motor - Own Damage,300000,44116,474,2,Non-network,0,Yes,9,Nashik,0.1471,15,Low,No,R8,"Low-risk: late reporting (motor/theft). A screening signal for verification, not proof of fraud.",Standard processing,v1.0
CLM00710,POL430722,Health - Hospitalisation,1500000,571452,541,0,Non-network,2,Yes,21,Patna,0.381,10,Low,No,R6,"Low-risk: recent address changes. A screening signal for verification, not proof of fraud.",Standard processing,v1.0
CLM00711,POL154810,Motor - Own Damage,1000000,807448,10,2,Network hospital/garage,2,No,49,Indore,0.8074,100,High,Yes,R2|R3|R6|R7|R8|R10,"High-risk: very early claim; high claim-to-sum-insured ratio; recent address changes; incomplete documents; late reporting (motor/theft); early claim with missing documents. A screening signal for verification, not proof of fraud.",Priority manual review by an investigator; verify flagged items before any decision,v1.0
CLM00712,POL390724,Motor - Own Damage,1500000,146933,999,1,Network hospital/garage,2,Yes,0,Mumbai,0.098,10,Low,No,R6,"Low-risk: recent address changes. A screening signal for verification, not proof of fraud.",Standard processing,v1.0
CLM00713,POL500175,Health - Hospitalisation,1500000,193266,830,0,Network hospital/garage,2,Yes,19,Bengaluru,0.1288,10,Low,No,R6,"Low-risk: recent address changes. A screening signal for verification, not proof of fraud.",Standard processing,v1.0
CLM00714,POL982009,Health - Hospitalisation,1000000,205861,513,0,Network hospital/garage,2,Yes,25,Nashik,0.2059,10,Low,No,R6,"Low-risk: recent address changes. A screening signal for verification, not proof of fraud.",Standard processing,v1.0
CLM00715,POL749249,Health - Hospitalisation,300000,53075,643,2,Network hospital/garage,0,Yes,24,Chandigarh,0.1769,0,Low,No,,No red-flag rules triggered.,Standard processing,v1.0
CLM00716,POL141525,Health - Day Care,1000000,157734,672,0,Non-network,1,Yes,25,Bhubaneswar,0.1577,0,Low,No,,No red-flag rules triggered.,Standard processing,v1.0
CLM00717,POL418357,Motor - Own Damage,1500000,118786,825,3,Network hospital/garage,2,Yes,6,Hyderabad,0.0792,25,Low,No,R4|R6,"Low-risk: repeat claimant; recent address changes. A screening signal for verification, not proof of fraud.",Standard processing,v1.0
CLM00718,POL627750,Health - Hospitalisation,300000,193203,19,2,Non-network,1,Yes,52,Bengaluru,0.644,40,Medium,Yes,R2|R9,"Medium-risk: very early claim; late reporting (health). A screening signal for verification, not proof of fraud.",Routine verification of flagged items by a claims analyst,v1.0
CLM00719,POL167720,Health - Day Care,1000000,114562,509,3,Network hospital/garage,2,Yes,17,Kolkata,0.1146,25,Low,No,R4|R6,"Low-risk: repeat claimant; recent address changes. A screening signal for verification, not proof of fraud.",Standard processing,v1.0
CLM00720,POL858202,Health - Day Care,1000000,134561,272,1,Network hospital/garage,1,Yes,1,Patna,0.1346,0,Low,No,,No red-flag rules triggered.,Standard processing,v1.0
CLM00721,POL665552,Motor - Own Damage,1500000,103975,637,0,Non-network,1,Yes,18,Guwahati,0.0693,15,Low,No,R8,"Low-risk: late reporting (motor/theft). A screening signal for verification, not proof of fraud.",Standard processing,v1.0
CLM00722,POL985728,Health - Day Care,500000,152530,602,0,Non-network,2,No,6,Mumbai,0.3051,30,Medium,Yes,R6|R7,"Medium-risk: recent address changes; incomplete documents. A screening signal for verification, not proof of fraud.",Routine verification of flagged items by a claims analyst,v1.0
CLM00723,POL490745,Motor - Own Damage,1500000,219654,134,2,Non-network,0,Yes,3,Nagpur,0.1464,0,Low,No,,No red-flag rules triggered.,Standard processing,v1.0
CLM00724,POL177348,Health - Day Care,1000000,234434,861,3,Network hospital/garage,0,Yes,1,Kochi,0.2344,15,Low,No,R4,"Low-risk: repeat claimant. A screening signal for verification, not proof of fraud.",Standard processing,v1.0
CLM00725,POL692066,Motor - Own Damage,1000000,250076,163,0,Network hospital/garage,1,Yes,9,Lucknow,0.2501,15,Low,No,R8,"Low-risk: late reporting (motor/theft). A screening signal for verification, not proof of fraud.",Standard processing,v1.0
CLM00726,POL788803,Home - Theft,1500000,214006,537,1,Network hospital/garage,1,Yes,10,Kochi,0.1427,15,Low,No,R8,"Low-risk: late reporting (motor/theft). A screening signal for verification, not proof of fraud.",Standard processing,v1.0
CLM00727,POL857570,Health - Day Care,1500000,600739,301,0,Network hospital/garage,2,Yes,4,Surat,0.4005,10,Low,No,R6,"Low-risk: recent address changes. A screening signal for verification, not proof of fraud.",Standard processing,v1.0
CLM00728,POL106491,Motor - Own Damage,1000000,79215,58,3,Network hospital/garage,1,Yes,22,Kolkata,0.0792,50,Medium,Yes,R1|R4|R8,"Medium-risk: early-life claim; repeat claimant; late reporting (motor/theft). A screening signal for verification, not proof of fraud.",Routine verification of flagged items by a claims analyst,v1.0
CLM00729,POL874447,Motor - Own Damage,1000000,345226,87,1,Network hospital/garage,2,Yes,13,Jaipur,0.3452,45,Medium,Yes,R1|R6|R8,"Medium-risk: early-life claim; recent address changes; late reporting (motor/theft). A screening signal for verification, not proof of fraud.",Routine verification of flagged items by a claims analyst,v1.0
CLM00730,POL773437,Home - Theft,1000000,201830,456,1,Network hospital/garage,0,Yes,2,Nashik,0.2018,0,Low,No,,No red-flag rules triggered.,Standard processing,v1.0
CLM00731,POL593578,Health - Hospitalisation,1000000,972317,17,2,Network hospital/garage,2,Yes,64,Chennai,0.9723,65,High,Yes,R2|R3|R6|R9,"High-risk: very early claim; high claim-to-sum-insured ratio; recent address changes; late reporting (health). A screening signal for verification, not proof of fraud.",Priority manual review by an investigator; verify flagged items before any decision,v1.0
CLM00732,POL722495,Health - Hospitalisation,1500000,331610,906,2,Non-network,0,Yes,26,Bengaluru,0.2211,0,Low,No,,No red-flag rules triggered.,Standard processing,v1.0
CLM00733,POL468849,Home - Theft,1000000,122357,861,3,Non-network,1,Yes,25,Bengaluru,0.1224,30,Medium,Yes,R4|R8,"Medium-risk: repeat claimant; late reporting (motor/theft). A screening signal for verification, not proof of fraud.",Routine verification of flagged items by a claims analyst,v1.0
CLM00734,POL175310,Health - Hospitalisation,1000000,166525,569,1,Non-network,2,Yes,5,Kochi,0.1665,10,Low,No,R6,"Low-risk: recent address changes. A screening signal for verification, not proof of fraud.",Standard processing,v1.0
CLM00735,POL600776,Home - Theft,1500000,679598,758,0,Network hospital/garage,2,Yes,3,Nashik,0.4531,10,Low,No,R6,"Low-risk: recent address changes. A screening signal for verification, not proof of fraud.",Standard processing,v1.0
CLM00736,POL977343,Motor - Own Damage,1000000,120364,125,1,Network hospital/garage,1,Yes,25,Chennai,0.1204,15,Low,No,R8,"Low-risk: late reporting (motor/theft). A screening signal for verification, not proof of fraud.",Standard processing,v1.0
CLM00737,POL873041,Home - Theft,300000,38941,800,2,Network hospital/garage,2,Yes,16,Mumbai,0.1298,25,Low,No,R6|R8,"Low-risk: recent address changes; late reporting (motor/theft). A screening signal for verification, not proof of fraud.",Standard processing,v1.0
CLM00738,POL746480,Motor - Own Damage,1000000,109667,193,1,Network hospital/garage,0,Yes,9,Bhubaneswar,0.1097,15,Low,No,R8,"Low-risk: late reporting (motor/theft). A screening signal for verification, not proof of fraud.",Standard processing,v1.0
CLM00739,POL492011,Health - Hospitalisation,500000,16824,111,0,Non-network,1,Yes,23,Bhubaneswar,0.0336,0,Low,No,,No red-flag rules triggered.,Standard processing,v1.0
CLM00740,POL263103,Health - Day Care,300000,68545,860,3,Non-network,1,Yes,28,Coimbatore,0.2285,15,Low,No,R4,"Low-risk: repeat claimant. A screening signal for verification, not proof of fraud.",Standard processing,v1.0
CLM00741,POL415922,Motor - Own Damage,500000,119742,745,1,Network hospital/garage,0,Yes,1,Pune,0.2395,0,Low,No,,No red-flag rules triggered.,Standard processing,v1.0
CLM00742,POL872997,Home - Theft,1500000,133787,319,1,Non-network,0,Yes,9,Pune,0.0892,15,Low,No,R8,"Low-risk: late reporting (motor/theft). A screening signal for verification, not proof of fraud.",Standard processing,v1.0
CLM00743,POL524941,Health - Hospitalisation,300000,41992,271,3,Network hospital/garage,0,Yes,25,Coimbatore,0.14,15,Low,No,R4,"Low-risk: repeat claimant. A screening signal for verification, not proof of fraud.",Standard processing,v1.0
CLM00744,POL686978,Health - Hospitalisation,500000,484525,4,4,Network hospital/garage,2,No,42,Ahmedabad,0.969,100,High,Yes,R2|R3|R4|R6|R7|R9|R10,"High-risk: very early claim; high claim-to-sum-insured ratio; repeat claimant; recent address changes; incomplete documents; late reporting (health); early claim with missing documents. A screening signal for verification, not proof of fraud.",Priority manual review by an investigator; verify flagged items before any decision,v1.0
CLM00745,POL385581,Motor - Own Damage,300000,29462,834,2,Network hospital/garage,1,Yes,29,Chandigarh,0.0982,15,Low,No,R8,"Low-risk: late reporting (motor/theft). A screening signal for verification, not proof of fraud.",Standard processing,v1.0
CLM00746,POL176908,Health - Hospitalisation,500000,165801,175,3,Network hospital/garage,0,Yes,13,Kochi,0.3316,15,Low,No,R4,"Low-risk: repeat claimant. A screening signal for verification, not proof of fraud.",Standard processing,v1.0
CLM00747,POL730328,Health - Hospitalisation,300000,70116,835,2,Network hospital/garage,1,No,1,Jaipur,0.2337,20,Low,No,R7,"Low-risk: incomplete documents. A screening signal for verification, not proof of fraud.",Standard processing,v1.0
CLM00748,POL675530,Motor - Own Damage,500000,24788,612,3,Network hospital/garage,0,No,25,Mumbai,0.0496,50,Medium,Yes,R4|R7|R8,"Medium-risk: repeat claimant; incomplete documents; late reporting (motor/theft). A screening signal for verification, not proof of fraud.",Routine verification of flagged items by a claims analyst,v1.0
CLM00749,POL644560,Motor - Own Damage,500000,132548,945,2,Network hospital/garage,0,Yes,17,Hyderabad,0.2651,15,Low,No,R8,"Low-risk: late reporting (motor/theft). A screening signal for verification, not proof of fraud.",Standard processing,v1.0
CLM00750,POL672337,Motor - Own Damage,1000000,82263,527,1,Network hospital/garage,2,Yes,16,Indore,0.0823,25,Low,No,R6|R8,"Low-risk: recent address changes; late reporting (motor/theft). A screening signal for verification, not proof of fraud.",Standard processing,v1.0
CLM00751,POL966185,Motor - Own Damage,300000,87063,289,3,Non-network,1,Yes,2,Indore,0.2902,15,Low,No,R4,"Low-risk: repeat claimant. A screening signal for verification, not proof of fraud.",Standard processing,v1.0
CLM00752,POL918921,Health - Hospitalisation,500000,56478,667,3,Network hospital/garage,1,Yes,26,Nashik,0.113,15,Low,No,R4,"Low-risk: repeat claimant. A screening signal for verification, not proof of fraud.",Standard processing,v1.0
CLM00753,POL494889,Home - Theft,300000,154747,638,3,Network hospital/garage,1,Yes,28,Surat,0.5158,30,Medium,Yes,R4|R8,"Medium-risk: repeat claimant; late reporting (motor/theft). A screening signal for verification, not proof of fraud.",Routine verification of flagged items by a claims analyst,v1.0
CLM00754,POL839660,Motor - Own Damage,1000000,370235,330,3,Non-network,1,Yes,12,Bengaluru,0.3702,30,Medium,Yes,R4|R8,"Medium-risk: repeat claimant; late reporting (motor/theft). A screening signal for verification, not proof of fraud.",Routine verification of flagged items by a claims analyst,v1.0
CLM00755,POL432081,Health - Day Care,1000000,704516,15,3,Network hospital/garage,2,Yes,55,Bengaluru,0.7045,65,High,Yes,R2|R4|R6|R9,"High-risk: very early claim; repeat claimant; recent address changes; late reporting (health). A screening signal for verification, not proof of fraud.",Priority manual review by an investigator; verify flagged items before any decision,v1.0
CLM00756,POL928367,Health - Day Care,300000,53284,520,0,Network hospital/garage,1,Yes,19,Patna,0.1776,0,Low,No,,No red-flag rules triggered.,Standard processing,v1.0
CLM00757,POL909606,Health - Hospitalisation,500000,112159,849,0,Network hospital/garage,1,Yes,6,Lucknow,0.2243,0,Low,No,,No red-flag rules triggered.,Standard processing,v1.0
CLM00758,POL651290,Health - Day Care,1500000,713285,788,3,Network hospital/garage,1,Yes,26,Surat,0.4755,15,Low,No,R4,"Low-risk: repeat claimant. A screening signal for verification, not proof of fraud.",Standard processing,v1.0
CLM00759,POL820830,Health - Day Care,1000000,129237,536,2,Non-network,0,Yes,28,Lucknow,0.1292,0,Low,No,,No red-flag rules triggered.,Standard processing,v1.0
CLM00760,POL450082,Health - Hospitalisation,500000,41632,787,1,Network hospital/garage,0,Yes,1,Jaipur,0.0833,0,Low,No,,No red-flag rules triggered.,Standard processing,v1.0
CLM00761,POL228287,Motor - Own Damage,1000000,432561,340,3,Network hospital/garage,2,Yes,11,Kochi,0.4326,40,Medium,Yes,R4|R6|R8,"Medium-risk: repeat claimant; recent address changes; late reporting (motor/theft). A screening signal for verification, not proof of fraud.",Routine verification of flagged items by a claims analyst,v1.0
CLM00762,POL720664,Health - Hospitalisation,500000,76256,382,1,Network hospital/garage,0,Yes,24,Jaipur,0.1525,0,Low,No,,No red-flag rules triggered.,Standard processing,v1.0
CLM00763,POL793141,Motor - Own Damage,1000000,635746,12,2,Non-network,1,Yes,6,Indore,0.6357,30,Medium,Yes,R2,"Medium-risk: very early claim. A screening signal for verification, not proof of fraud.",Routine verification of flagged items by a claims analyst,v1.0
CLM00764,POL734322,Motor - Own Damage,1000000,124759,376,1,Non-network,2,Yes,23,Pune,0.1248,25,Low,No,R6|R8,"Low-risk: recent address changes; late reporting (motor/theft). A screening signal for verification, not proof of fraud.",Standard processing,v1.0
CLM00765,POL355294,Health - Hospitalisation,500000,55887,77,2,Non-network,1,Yes,14,Indore,0.1118,20,Low,No,R1,"Low-risk: early-life claim. A screening signal for verification, not proof of fraud.",Standard processing,v1.0
CLM00766,POL742501,Motor - Theft,1500000,220426,666,0,Non-network,2,Yes,29,Mumbai,0.147,25,Low,No,R6|R8,"Low-risk: recent address changes; late reporting (motor/theft). A screening signal for verification, not proof of fraud.",Standard processing,v1.0
CLM00767,POL241067,Health - Hospitalisation,1000000,22704,935,1,Network hospital/garage,1,Yes,16,Chandigarh,0.0227,0,Low,No,,No red-flag rules triggered.,Standard processing,v1.0
CLM00768,POL661768,Health - Day Care,1500000,314215,952,2,Network hospital/garage,0,No,12,Jaipur,0.2095,20,Low,No,R7,"Low-risk: incomplete documents. A screening signal for verification, not proof of fraud.",Standard processing,v1.0
CLM00769,POL214145,Health - Hospitalisation,300000,167385,962,2,Non-network,0,Yes,19,Hyderabad,0.5579,0,Low,No,,No red-flag rules triggered.,Standard processing,v1.0
CLM00770,POL632167,Motor - Own Damage,1500000,219017,977,2,Network hospital/garage,2,Yes,16,Pune,0.146,25,Low,No,R6|R8,"Low-risk: recent address changes; late reporting (motor/theft). A screening signal for verification, not proof of fraud.",Standard processing,v1.0
CLM00771,POL206647,Health - Hospitalisation,500000,292187,64,2,Non-network,2,Yes,21,Patna,0.5844,30,Medium,Yes,R1|R6,"Medium-risk: early-life claim; recent address changes. A screening signal for verification, not proof of fraud.",Routine verification of flagged items by a claims analyst,v1.0
CLM00772,POL289095,Health - Day Care,1000000,140327,136,2,Network hospital/garage,1,Yes,1,Coimbatore,0.1403,0,Low,No,,No red-flag rules triggered.,Standard processing,v1.0
CLM00773,POL901810,Motor - Own Damage,1000000,671241,20,4,Non-network,3,No,57,Indore,0.6712,100,High,Yes,R2|R4|R6|R7|R8|R10,"High-risk: very early claim; repeat claimant; recent address changes; incomplete documents; late reporting (motor/theft); early claim with missing documents. A screening signal for verification, not proof of fraud.",Priority manual review by an investigator; verify flagged items before any decision,v1.0
CLM00774,POL510291,Health - Hospitalisation,300000,25660,42,2,Network hospital/garage,0,Yes,21,Patna,0.0855,20,Low,No,R1,"Low-risk: early-life claim. A screening signal for verification, not proof of fraud.",Standard processing,v1.0
CLM00775,POL390539,Health - Day Care,500000,130071,476,3,Network hospital/garage,1,Yes,26,Surat,0.2601,15,Low,No,R4,"Low-risk: repeat claimant. A screening signal for verification, not proof of fraud.",Standard processing,v1.0
CLM00776,POL528115,Home - Theft,300000,24416,706,3,Network hospital/garage,0,Yes,17,Kochi,0.0814,30,Medium,Yes,R4|R8,"Medium-risk: repeat claimant; late reporting (motor/theft). A screening signal for verification, not proof of fraud.",Routine verification of flagged items by a claims analyst,v1.0
CLM00777,POL152472,Motor - Own Damage,300000,63718,988,1,Network hospital/garage,1,Yes,5,Ahmedabad,0.2124,0,Low,No,,No red-flag rules triggered.,Standard processing,v1.0
CLM00778,POL138808,Health - Hospitalisation,1500000,140019,448,2,Network hospital/garage,1,Yes,1,Bhubaneswar,0.0933,0,Low,No,,No red-flag rules triggered.,Standard processing,v1.0
CLM00779,POL832689,Health - Hospitalisation,1000000,301624,242,1,Network hospital/garage,1,Yes,12,Jaipur,0.3016,0,Low,No,,No red-flag rules triggered.,Standard processing,v1.0
CLM00780,POL799940,Motor - Own Damage,1000000,93404,560,0,Network hospital/garage,0,Yes,3,Kolkata,0.0934,0,Low,No,,No red-flag rules triggered.,Standard processing,v1.0
CLM00781,POL701921,Health - Hospitalisation,500000,102962,340,2,Network hospital/garage,2,No,27,Hyderabad,0.2059,30,Medium,Yes,R6|R7,"Medium-risk: recent address changes; incomplete documents. A screening signal for verification, not proof of fraud.",Routine verification of flagged items by a claims analyst,v1.0
CLM00782,POL491772,Health - Hospitalisation,1500000,251222,103,3,Non-network,0,Yes,6,Nagpur,0.1675,15,Low,No,R4,"Low-risk: repeat claimant. A screening signal for verification, not proof of fraud.",Standard processing,v1.0
CLM00783,POL783715,Home - Theft,1500000,253807,520,3,Network hospital/garage,0,Yes,20,Surat,0.1692,30,Medium,Yes,R4|R8,"Medium-risk: repeat claimant; late reporting (motor/theft). A screening signal for verification, not proof of fraud.",Routine verification of flagged items by a claims analyst,v1.0
CLM00784,POL452729,Home - Theft,500000,78037,968,1,Network hospital/garage,1,Yes,7,Jaipur,0.1561,15,Low,No,R8,"Low-risk: late reporting (motor/theft). A screening signal for verification, not proof of fraud.",Standard processing,v1.0
CLM00785,POL187757,Motor - Own Damage,1500000,408748,513,2,Network hospital/garage,0,Yes,4,Lucknow,0.2725,0,Low,No,,No red-flag rules triggered.,Standard processing,v1.0
CLM00786,POL721244,Motor - Own Damage,1000000,77210,391,3,Network hospital/garage,0,Yes,0,Jaipur,0.0772,15,Low,No,R4,"Low-risk: repeat claimant. A screening signal for verification, not proof of fraud.",Standard processing,v1.0
CLM00787,POL375448,Health - Hospitalisation,300000,81509,119,2,Non-network,0,Yes,16,Pune,0.2717,0,Low,No,,No red-flag rules triggered.,Standard processing,v1.0
CLM00788,POL480336,Motor - Own Damage,1000000,273734,879,2,Network hospital/garage,0,Yes,4,Chennai,0.2737,0,Low,No,,No red-flag rules triggered.,Standard processing,v1.0
CLM00789,POL957282,Motor - Own Damage,300000,54749,388,3,Network hospital/garage,0,Yes,1,Chennai,0.1825,15,Low,No,R4,"Low-risk: repeat claimant. A screening signal for verification, not proof of fraud.",Standard processing,v1.0
CLM00790,POL118096,Motor - Own Damage,300000,12780,92,0,Non-network,0,Yes,22,Kolkata,0.0426,15,Low,No,R8,"Low-risk: late reporting (motor/theft). A screening signal for verification, not proof of fraud.",Standard processing,v1.0
CLM00791,POL918182,Health - Hospitalisation,1500000,513479,297,0,Non-network,0,Yes,21,Delhi,0.3423,0,Low,No,,No red-flag rules triggered.,Standard processing,v1.0
CLM00792,POL182355,Motor - Own Damage,300000,18999,609,0,Network hospital/garage,2,Yes,29,Surat,0.0633,25,Low,No,R6|R8,"Low-risk: recent address changes; late reporting (motor/theft). A screening signal for verification, not proof of fraud.",Standard processing,v1.0
CLM00793,POL891475,Motor - Own Damage,300000,110982,227,0,Network hospital/garage,1,Yes,10,Lucknow,0.3699,15,Low,No,R8,"Low-risk: late reporting (motor/theft). A screening signal for verification, not proof of fraud.",Standard processing,v1.0
CLM00794,POL628586,Motor - Own Damage,1500000,93532,591,1,Network hospital/garage,0,Yes,1,Kochi,0.0624,0,Low,No,,No red-flag rules triggered.,Standard processing,v1.0
CLM00795,POL676320,Health - Hospitalisation,300000,114143,57,2,Network hospital/garage,1,No,16,Kochi,0.3805,50,Medium,Yes,R1|R7|R10,"Medium-risk: early-life claim; incomplete documents; early claim with missing documents. A screening signal for verification, not proof of fraud.",Routine verification of flagged items by a claims analyst,v1.0
CLM00796,POL234254,Health - Hospitalisation,300000,51216,219,0,Non-network,1,Yes,14,Mumbai,0.1707,0,Low,No,,No red-flag rules triggered.,Standard processing,v1.0
CLM00797,POL754916,Motor - Theft,300000,7420,766,3,Network hospital/garage,2,Yes,12,Hyderabad,0.0247,40,Medium,Yes,R4|R6|R8,"Medium-risk: repeat claimant; recent address changes; late reporting (motor/theft). A screening signal for verification, not proof of fraud.",Routine verification of flagged items by a claims analyst,v1.0
CLM00798,POL168303,Health - Hospitalisation,1000000,254794,634,0,Non-network,1,Yes,28,Patna,0.2548,0,Low,No,,No red-flag rules triggered.,Standard processing,v1.0
CLM00799,POL687089,Motor - Own Damage,1500000,409027,315,3,Network hospital/garage,1,Yes,1,Mumbai,0.2727,15,Low,No,R4,"Low-risk: repeat claimant. A screening signal for verification, not proof of fraud.",Standard processing,v1.0
CLM00800,POL811252,Health - Hospitalisation,1500000,923037,5,4,Non-network,3,Yes,59,Kochi,0.6154,65,High,Yes,R2|R4|R6|R9,"High-risk: very early claim; repeat claimant; recent address changes; late reporting (health). A screening signal for verification, not proof of fraud.",Priority manual review by an investigator; verify flagged items before any decision,v1.0
